cell,model,tier,family,params_b,layer_pct,layer_index,n_train,n_cal,n_test,base_rate,auroc_train,auroc_cal,auroc_test,auroc_null_mean,auroc_null_p95,beats_null,auroc_surface,beats_surface,nonfinite_frac,meets_gate,probe_C,probe_C_method,probe_C_grid
qwen2.5-0.5b-instruct__R3,qwen2.5-0.5b-instruct,R3,retrieval,0.49,0,0,230,75,80,0.5,0.5,0.5,0.5,0.5,0.5,False,0.722644376899696,False,0.0,False,0.01,train_cv_auroc,"{""0.01"": 0.5, ""0.1"": 0.5, ""1.0"": 0.5, ""10.0"": 0.5}"
qwen2.5-0.5b-instruct__R3,qwen2.5-0.5b-instruct,R3,retrieval,0.49,5,1,230,75,80,0.5,0.8951984877126654,0.5075987841945289,0.6297953964194374,0.50790273556231,0.6166793313069909,False,0.722644376899696,False,0.0,False,0.01,train_cv_auroc,"{""0.01"": 0.6458, ""0.1"": 0.6105, ""1.0"": 0.5871, ""10.0"": 0.5715}"
qwen2.5-0.5b-instruct__R3,qwen2.5-0.5b-instruct,R3,retrieval,0.49,10,2,230,75,80,0.5,0.9317958412098298,0.5349544072948329,0.6975703324808185,0.5165273556231003,0.6707446808510639,False,0.722644376899696,False,0.0,False,0.01,train_cv_auroc,"{""0.01"": 0.598, ""0.1"": 0.5596, ""1.0"": 0.5478, ""10.0"": 0.549}"
qwen2.5-0.5b-instruct__R3,qwen2.5-0.5b-instruct,R3,retrieval,0.49,15,4,230,75,80,0.5,0.9533459357277883,0.49924012158054704,0.6464194373401534,0.484726443768997,0.5881458966565349,False,0.722644376899696,False,0.0,False,0.01,train_cv_auroc,"{""0.01"": 0.6501, ""0.1"": 0.6364, ""1.0"": 0.6209, ""10.0"": 0.618}"
qwen2.5-0.5b-instruct__R3,qwen2.5-0.5b-instruct,R3,retrieval,0.49,20,5,230,75,80,0.5,0.969905482041588,0.5387537993920972,0.6790281329923273,0.5053571428571428,0.6150075987841945,False,0.722644376899696,False,0.0,False,0.01,train_cv_auroc,"{""0.01"": 0.6655, ""0.1"": 0.6628, ""1.0"": 0.6507, ""10.0"": 0.6516}"
qwen2.5-0.5b-instruct__R3,qwen2.5-0.5b-instruct,R3,retrieval,0.49,25,6,230,75,80,0.5,0.9649905482041589,0.5759878419452887,0.678388746803069,0.4920592705167173,0.577355623100304,False,0.722644376899696,False,0.0,False,0.01,train_cv_auroc,"{""0.01"": 0.681, ""0.1"": 0.6795, ""1.0"": 0.6739, ""10.0"": 0.667}"
qwen2.5-0.5b-instruct__R3,qwen2.5-0.5b-instruct,R3,retrieval,0.49,30,7,230,75,80,0.5,0.9999243856332704,0.5509118541033435,0.6930946291560102,0.5113601823708206,0.6930091185410335,False,0.722644376899696,False,0.0,False,0.1,train_cv_auroc,"{""0.01"": 0.6522, ""0.1"": 0.6548, ""1.0"": 0.6518, ""10.0"": 0.6547}"
qwen2.5-0.5b-instruct__R3,qwen2.5-0.5b-instruct,R3,retrieval,0.49,35,8,230,75,80,0.5,0.955765595463138,0.6063829787234043,0.7391304347826086,0.4706686930091185,0.5498100303951368,True,0.722644376899696,False,0.0,False,0.01,train_cv_auroc,"{""0.01"": 0.6129, ""0.1"": 0.5966, ""1.0"": 0.598, ""10.0"": 0.5979}"
qwen2.5-0.5b-instruct__R3,qwen2.5-0.5b-instruct,R3,retrieval,0.49,40,10,230,75,80,0.5,1.0,0.6588145896656534,0.6790281329923274,0.49171732522796363,0.579483282674772,True,0.722644376899696,False,0.0,True,0.1,train_cv_auroc,"{""0.01"": 0.6149, ""0.1"": 0.6169, ""1.0"": 0.6089, ""10.0"": 0.6078}"
qwen2.5-0.5b-instruct__R3,qwen2.5-0.5b-instruct,R3,retrieval,0.49,45,11,230,75,80,0.5,1.0,0.6177811550151975,0.7404092071611252,0.4790653495440729,0.5593844984802432,True,0.722644376899696,False,0.0,False,0.1,train_cv_auroc,"{""0.01"": 0.6734, ""0.1"": 0.6747, ""1.0"": 0.6641, ""10.0"": 0.6602}"
qwen2.5-0.5b-instruct__R3,qwen2.5-0.5b-instruct,R3,retrieval,0.49,50,12,230,75,80,0.5,0.9660491493383743,0.6557750759878419,0.7583120204603581,0.5123860182370821,0.6342325227963526,True,0.722644376899696,False,0.0,True,0.01,train_cv_auroc,"{""0.01"": 0.6781, ""0.1"": 0.6775, ""1.0"": 0.6669, ""10.0"": 0.6625}"
qwen2.5-0.5b-instruct__R3,qwen2.5-0.5b-instruct,R3,retrieval,0.49,55,13,230,75,80,0.5,0.9999243856332704,0.6162613981762918,0.7442455242966751,0.4985562310030395,0.6242401215805472,False,0.722644376899696,False,0.0,False,0.1,train_cv_auroc,"{""0.01"": 0.6332, ""0.1"": 0.6354, ""1.0"": 0.6348, ""10.0"": 0.6325}"
qwen2.5-0.5b-instruct__R3,qwen2.5-0.5b-instruct,R3,retrieval,0.49,60,14,230,75,80,0.5,0.9640831758034026,0.6519756838905775,0.7557544757033248,0.5007978723404254,0.5950607902735563,True,0.722644376899696,False,0.0,True,0.01,train_cv_auroc,"{""0.01"": 0.632, ""0.1"": 0.628, ""1.0"": 0.6282, ""10.0"": 0.6245}"
qwen2.5-0.5b-instruct__R3,qwen2.5-0.5b-instruct,R3,retrieval,0.49,65,16,230,75,80,0.5,1.0,0.5303951367781156,0.6841432225063938,0.49084346504559273,0.5826747720364742,False,0.722644376899696,False,0.0,False,0.1,train_cv_auroc,"{""0.01"": 0.6299, ""0.1"": 0.6425, ""1.0"": 0.6397, ""10.0"": 0.6395}"
qwen2.5-0.5b-instruct__R3,qwen2.5-0.5b-instruct,R3,retrieval,0.49,70,17,230,75,80,0.5,0.9997731568998109,0.5759878419452887,0.7167519181585676,0.5000759878419453,0.5590045592705167,True,0.722644376899696,False,0.0,False,0.1,train_cv_auroc,"{""0.01"": 0.6228, ""0.1"": 0.6384, ""1.0"": 0.6357, ""10.0"": 0.631}"
qwen2.5-0.5b-instruct__R3,qwen2.5-0.5b-instruct,R3,retrieval,0.49,75,18,230,75,80,0.5,0.9999243856332704,0.601063829787234,0.7276214833759591,0.5129559270516717,0.6208966565349544,False,0.722644376899696,False,0.0,False,0.1,train_cv_auroc,"{""0.01"": 0.6435, ""0.1"": 0.6502, ""1.0"": 0.6392, ""10.0"": 0.631}"
qwen2.5-0.5b-instruct__R3,qwen2.5-0.5b-instruct,R3,retrieval,0.49,80,19,230,75,80,0.5,0.981625708884688,0.6846504559270516,0.7487212276214834,0.5109802431610942,0.6265577507598784,True,0.722644376899696,False,0.0,True,0.01,train_cv_auroc,"{""0.01"": 0.675, ""0.1"": 0.6642, ""1.0"": 0.6564, ""10.0"": 0.6553}"
qwen2.5-0.5b-instruct__R3,qwen2.5-0.5b-instruct,R3,retrieval,0.49,85,20,230,75,80,0.5,0.9798109640831758,0.6595744680851063,0.7372122762148338,0.4838145896656535,0.5951367781155015,True,0.722644376899696,False,0.0,True,0.01,train_cv_auroc,"{""0.01"": 0.668, ""0.1"": 0.6527, ""1.0"": 0.6451, ""10.0"": 0.6377}"
qwen2.5-0.5b-instruct__R3,qwen2.5-0.5b-instruct,R3,retrieval,0.49,90,22,230,75,80,0.5,1.0,0.6109422492401215,0.5930306905370845,0.5106572948328267,0.6064969604863222,True,0.722644376899696,False,0.0,False,10.0,train_cv_auroc,"{""0.01"": 0.6836, ""0.1"": 0.6867, ""1.0"": 0.6873, ""10.0"": 0.6877}"
qwen2.5-0.5b-instruct__R3,qwen2.5-0.5b-instruct,R3,retrieval,0.49,95,23,230,75,80,0.5,1.0,0.5934650455927051,0.657608695652174,0.4669832826747721,0.5321048632218845,True,0.722644376899696,False,0.0,False,10.0,train_cv_auroc,"{""0.01"": 0.6826, ""0.1"": 0.6971, ""1.0"": 0.699, ""10.0"": 0.7036}"
qwen2.5-0.5b-instruct__R3,qwen2.5-0.5b-instruct,R3,retrieval,0.49,100,24,230,75,80,0.5,1.0,0.6344984802431611,0.6416240409207161,0.49726443768996953,0.5955167173252279,True,0.722644376899696,False,0.0,False,10.0,train_cv_auroc,"{""0.01"": 0.703, ""0.1"": 0.7146, ""1.0"": 0.7168, ""10.0"": 0.7175}"
qwen2.5-0.5b-instruct__C1,qwen2.5-0.5b-instruct,C1,reasoning,0.49,0,0,68,27,22,0.5,0.5,0.5,0.5,0.5,0.5,False,0.32386363636363635,True,0.0,False,0.01,train_cv_auroc,"{""0.01"": 0.5, ""0.1"": 0.5, ""1.0"": 0.5, ""10.0"": 0.5}"
qwen2.5-0.5b-instruct__C1,qwen2.5-0.5b-instruct,C1,reasoning,0.49,5,1,68,27,22,0.5,0.9740484429065743,0.4147727272727273,0.625,0.5042613636363636,0.6377840909090909,False,0.32386363636363635,True,0.0,False,0.01,train_cv_auroc,"{""0.01"": 0.5774, ""0.1"": 0.5668, ""1.0"": 0.5429, ""10.0"": 0.5323}"
qwen2.5-0.5b-instruct__C1,qwen2.5-0.5b-instruct,C1,reasoning,0.49,10,2,68,27,22,0.5,0.995674740484429,0.30113636363636365,0.4833333333333333,0.5625000000000001,0.7872159090909091,False,0.32386363636363635,False,0.0,False,0.01,train_cv_auroc,"{""0.01"": 0.7091, ""0.1"": 0.6911, ""1.0"": 0.6924, ""10.0"": 0.6952}"
qwen2.5-0.5b-instruct__C1,qwen2.5-0.5b-instruct,C1,reasoning,0.49,15,4,68,27,22,0.5,0.9896193771626297,0.3977272727272727,0.4083333333333333,0.4769886363636363,0.7082386363636365,False,0.32386363636363635,True,0.0,False,0.01,train_cv_auroc,"{""0.01"": 0.6999, ""0.1"": 0.6498, ""1.0"": 0.6369, ""10.0"": 0.6267}"
qwen2.5-0.5b-instruct__C1,qwen2.5-0.5b-instruct,C1,reasoning,0.49,20,5,68,27,22,0.5,1.0,0.44318181818181823,0.5083333333333333,0.484375,0.6596590909090909,False,0.32386363636363635,True,0.0,False,1.0,train_cv_auroc,"{""0.01"": 0.6393, ""0.1"": 0.6421, ""1.0"": 0.6453, ""10.0"": 0.6397}"
qwen2.5-0.5b-instruct__C1,qwen2.5-0.5b-instruct,C1,reasoning,0.49,25,6,68,27,22,0.5,0.995674740484429,0.38636363636363635,0.4416666666666667,0.5071022727272727,0.7471590909090909,False,0.32386363636363635,True,0.0,False,0.01,train_cv_auroc,"{""0.01"": 0.6435, ""0.1"": 0.6205, ""1.0"": 0.6232, ""10.0"": 0.6172}"
qwen2.5-0.5b-instruct__C1,qwen2.5-0.5b-instruct,C1,reasoning,0.49,30,7,68,27,22,0.5,0.9844290657439446,0.32954545454545453,0.4,0.49715909090909083,0.7241477272727272,False,0.32386363636363635,True,0.0,False,0.01,train_cv_auroc,"{""0.01"": 0.6269, ""0.1"": 0.5979, ""1.0"": 0.59, ""10.0"": 0.5868}"
qwen2.5-0.5b-instruct__C1,qwen2.5-0.5b-instruct,C1,reasoning,0.49,35,8,68,27,22,0.5,0.9740484429065743,0.34659090909090906,0.3916666666666667,0.48863636363636365,0.6355113636363636,False,0.32386363636363635,True,0.0,False,0.01,train_cv_auroc,"{""0.01"": 0.5412, ""0.1"": 0.496, ""1.0"": 0.4901, ""10.0"": 0.4864}"
qwen2.5-0.5b-instruct__C1,qwen2.5-0.5b-instruct,C1,reasoning,0.49,40,10,68,27,22,0.5,0.9878892733564013,0.4829545454545454,0.4166666666666667,0.5241477272727272,0.7221590909090909,False,0.32386363636363635,True,0.0,False,0.01,train_cv_auroc,"{""0.01"": 0.6002, ""0.1"": 0.5651, ""1.0"": 0.5596, ""10.0"": 0.5596}"
qwen2.5-0.5b-instruct__C1,qwen2.5-0.5b-instruct,C1,reasoning,0.49,45,11,68,27,22,0.5,1.0,0.42613636363636365,0.3833333333333333,0.48011363636363635,0.6605113636363636,False,0.32386363636363635,True,0.0,False,0.1,train_cv_auroc,"{""0.01"": 0.6015, ""0.1"": 0.607, ""1.0"": 0.5978, ""10.0"": 0.5867}"
qwen2.5-0.5b-instruct__C1,qwen2.5-0.5b-instruct,C1,reasoning,0.49,50,12,68,27,22,0.5,0.9930795847750865,0.4147727272727273,0.4333333333333333,0.43806818181818186,0.6372159090909091,False,0.32386363636363635,True,0.0,False,0.01,train_cv_auroc,"{""0.01"": 0.5835, ""0.1"": 0.5582, ""1.0"": 0.561, ""10.0"": 0.5582}"
qwen2.5-0.5b-instruct__C1,qwen2.5-0.5b-instruct,C1,reasoning,0.49,55,13,68,27,22,0.5,0.9991349480968859,0.4545454545454546,0.375,0.4940340909090909,0.5968749999999999,False,0.32386363636363635,True,0.0,False,0.01,train_cv_auroc,"{""0.01"": 0.5761, ""0.1"": 0.549, ""1.0"": 0.5434, ""10.0"": 0.5384}"
qwen2.5-0.5b-instruct__C1,qwen2.5-0.5b-instruct,C1,reasoning,0.49,60,14,68,27,22,0.5,0.995674740484429,0.4602272727272727,0.3416666666666667,0.48011363636363624,0.6201704545454545,False,0.32386363636363635,True,0.0,False,0.01,train_cv_auroc,"{""0.01"": 0.5765, ""0.1"": 0.5678, ""1.0"": 0.5627, ""10.0"": 0.5655}"
qwen2.5-0.5b-instruct__C1,qwen2.5-0.5b-instruct,C1,reasoning,0.49,65,16,68,27,22,0.5,0.9922145328719724,0.5227272727272727,0.5583333333333333,0.49715909090909094,0.6085227272727273,False,0.32386363636363635,True,0.0,False,0.01,train_cv_auroc,"{""0.01"": 0.6215, ""0.1"": 0.58, ""1.0"": 0.5718, ""10.0"": 0.5745}"
qwen2.5-0.5b-instruct__C1,qwen2.5-0.5b-instruct,C1,reasoning,0.49,70,17,68,27,22,0.5,0.9896193771626297,0.5056818181818181,0.55,0.48352272727272727,0.6627840909090911,False,0.32386363636363635,True,0.0,False,0.01,train_cv_auroc,"{""0.01"": 0.5747, ""0.1"": 0.5531, ""1.0"": 0.5337, ""10.0"": 0.5337}"
qwen2.5-0.5b-instruct__C1,qwen2.5-0.5b-instruct,C1,reasoning,0.49,75,18,68,27,22,0.5,0.9974048442906575,0.5170454545454546,0.6,0.5224431818181818,0.6107954545454546,False,0.32386363636363635,True,0.0,False,0.01,train_cv_auroc,"{""0.01"": 0.5946, ""0.1"": 0.5752, ""1.0"": 0.5752, ""10.0"": 0.5775}"
qwen2.5-0.5b-instruct__C1,qwen2.5-0.5b-instruct,C1,reasoning,0.49,80,19,68,27,22,0.5,0.9982698961937716,0.4829545454545454,0.5583333333333333,0.5323863636363635,0.662784090909091,False,0.32386363636363635,True,0.0,False,0.01,train_cv_auroc,"{""0.01"": 0.5927, ""0.1"": 0.5775, ""1.0"": 0.5752, ""10.0"": 0.5834}"
qwen2.5-0.5b-instruct__C1,qwen2.5-0.5b-instruct,C1,reasoning,0.49,85,20,68,27,22,0.5,0.9982698961937716,0.4772727272727273,0.6083333333333333,0.4982954545454546,0.7795454545454545,False,0.32386363636363635,True,0.0,False,0.01,train_cv_auroc,"{""0.01"": 0.542, ""0.1"": 0.5333, ""1.0"": 0.536, ""10.0"": 0.5333}"
qwen2.5-0.5b-instruct__C1,qwen2.5-0.5b-instruct,C1,reasoning,0.49,90,22,68,27,22,0.5,1.0,0.5738636363636364,0.6166666666666667,0.49801136363636367,0.6573863636363637,False,0.32386363636363635,True,0.0,False,1.0,train_cv_auroc,"{""0.01"": 0.4355, ""0.1"": 0.4402, ""1.0"": 0.4452, ""10.0"": 0.4425}"
qwen2.5-0.5b-instruct__C1,qwen2.5-0.5b-instruct,C1,reasoning,0.49,95,23,68,27,22,0.5,1.0,0.5852272727272727,0.5916666666666667,0.4639204545454545,0.6340909090909093,False,0.32386363636363635,True,0.0,False,10.0,train_cv_auroc,"{""0.01"": 0.4382, ""0.1"": 0.4474, ""1.0"": 0.4561, ""10.0"": 0.4672}"
qwen2.5-0.5b-instruct__C1,qwen2.5-0.5b-instruct,C1,reasoning,0.49,100,24,68,27,22,0.5,1.0,0.5738636363636364,0.6083333333333334,0.521590909090909,0.6897727272727273,False,0.32386363636363635,True,0.0,False,0.1,train_cv_auroc,"{""0.01"": 0.4806, ""0.1"": 0.4907, ""1.0"": 0.4825, ""10.0"": 0.4797}"
qwen2.5-0.5b-instruct__C2,qwen2.5-0.5b-instruct,C2,reasoning,0.49,0,0,89,26,37,0.5056179775280899,0.5,0.5,0.5,0.5,0.5,False,0.6547619047619049,False,0.0,False,0.01,train_cv_auroc,"{""0.01"": 0.5, ""0.1"": 0.5, ""1.0"": 0.5, ""10.0"": 0.5}"
qwen2.5-0.5b-instruct__C2,qwen2.5-0.5b-instruct,C2,reasoning,0.49,5,1,89,26,37,0.5056179775280899,0.9141414141414141,0.6845238095238095,0.5555555555555556,0.50625,0.7285714285714285,False,0.6547619047619049,True,0.0,True,0.01,train_cv_auroc,"{""0.01"": 0.6314, ""0.1"": 0.6277, ""1.0"": 0.6249, ""10.0"": 0.6145}"
qwen2.5-0.5b-instruct__C2,qwen2.5-0.5b-instruct,C2,reasoning,0.49,10,2,89,26,37,0.5056179775280899,1.0,0.47619047619047616,0.7046783625730995,0.5294642857142857,0.6693452380952382,False,0.6547619047619049,False,0.0,False,0.1,train_cv_auroc,"{""0.01"": 0.7006, ""0.1"": 0.7344, ""1.0"": 0.726, ""10.0"": 0.7308}"
qwen2.5-0.5b-instruct__C2,qwen2.5-0.5b-instruct,C2,reasoning,0.49,15,4,89,26,37,0.5056179775280899,0.9631313131313131,0.5178571428571429,0.739766081871345,0.5142857142857142,0.7422619047619049,False,0.6547619047619049,False,0.0,False,0.01,train_cv_auroc,"{""0.01"": 0.7215, ""0.1"": 0.7166, ""1.0"": 0.7138, ""10.0"": 0.7061}"
qwen2.5-0.5b-instruct__C2,qwen2.5-0.5b-instruct,C2,reasoning,0.49,20,5,89,26,37,0.5056179775280899,1.0,0.5119047619047619,0.6988304093567251,0.5136904761904761,0.7175595238095238,False,0.6547619047619049,False,0.0,False,0.1,train_cv_auroc,"{""0.01"": 0.678, ""0.1"": 0.6782, ""1.0"": 0.6767, ""10.0"": 0.6647}"
qwen2.5-0.5b-instruct__C2,qwen2.5-0.5b-instruct,C2,reasoning,0.49,25,6,89,26,37,0.5056179775280899,1.0,0.5595238095238095,0.8157894736842104,0.4836309523809524,0.6062500000000001,False,0.6547619047619049,False,0.0,False,0.1,train_cv_auroc,"{""0.01"": 0.6858, ""0.1"": 0.7037, ""1.0"": 0.7025, ""10.0"": 0.6983}"
qwen2.5-0.5b-instruct__C2,qwen2.5-0.5b-instruct,C2,reasoning,0.49,30,7,89,26,37,0.5056179775280899,1.0,0.5119047619047619,0.7865497076023392,0.5098214285714284,0.7306547619047621,False,0.6547619047619049,False,0.0,False,1.0,train_cv_auroc,"{""0.01"": 0.6539, ""0.1"": 0.7002, ""1.0"": 0.7184, ""10.0"": 0.7171}"
qwen2.5-0.5b-instruct__C2,qwen2.5-0.5b-instruct,C2,reasoning,0.49,35,8,89,26,37,0.5056179775280899,1.0,0.5714285714285714,0.7514619883040936,0.47767857142857145,0.7270833333333333,False,0.6547619047619049,False,0.0,False,1.0,train_cv_auroc,"{""0.01"": 0.7038, ""0.1"": 0.7411, ""1.0"": 0.7503, ""10.0"": 0.7483}"
qwen2.5-0.5b-instruct__C2,qwen2.5-0.5b-instruct,C2,reasoning,0.49,40,10,89,26,37,0.5056179775280899,1.0,0.6369047619047619,0.783625730994152,0.5270833333333333,0.6949404761904764,False,0.6547619047619049,False,0.0,False,1.0,train_cv_auroc,"{""0.01"": 0.6995, ""0.1"": 0.734, ""1.0"": 0.7365, ""10.0"": 0.7362}"
qwen2.5-0.5b-instruct__C2,qwen2.5-0.5b-instruct,C2,reasoning,0.49,45,11,89,26,37,0.5056179775280899,1.0,0.7380952380952381,0.827485380116959,0.5266369047619048,0.7437500000000001,False,0.6547619047619049,True,0.0,True,1.0,train_cv_auroc,"{""0.01"": 0.7506, ""0.1"": 0.7716, ""1.0"": 0.7762, ""10.0"": 0.7731}"
qwen2.5-0.5b-instruct__C2,qwen2.5-0.5b-instruct,C2,reasoning,0.49,50,12,89,26,37,0.5056179775280899,1.0,0.7559523809523809,0.8362573099415205,0.4497023809523809,0.7110119047619048,True,0.6547619047619049,True,0.0,True,0.1,train_cv_auroc,"{""0.01"": 0.7237, ""0.1"": 0.7347, ""1.0"": 0.7197, ""10.0"": 0.7121}"
qwen2.5-0.5b-instruct__C2,qwen2.5-0.5b-instruct,C2,reasoning,0.49,55,13,89,26,37,0.5056179775280899,0.9898989898989898,0.7916666666666666,0.8304093567251462,0.5068452380952382,0.7095238095238094,True,0.6547619047619049,True,0.0,True,0.01,train_cv_auroc,"{""0.01"": 0.723, ""0.1"": 0.7091, ""1.0"": 0.6878, ""10.0"": 0.7}"
qwen2.5-0.5b-instruct__C2,qwen2.5-0.5b-instruct,C2,reasoning,0.49,60,14,89,26,37,0.5056179775280899,0.9828282828282828,0.7916666666666667,0.7865497076023392,0.4761904761904761,0.6726190476190477,True,0.6547619047619049,True,0.0,True,0.01,train_cv_auroc,"{""0.01"": 0.699, ""0.1"": 0.6856, ""1.0"": 0.664, ""10.0"": 0.6593}"
qwen2.5-0.5b-instruct__C2,qwen2.5-0.5b-instruct,C2,reasoning,0.49,65,16,89,26,37,0.5056179775280899,0.994949494949495,0.7678571428571428,0.8128654970760233,0.49940476190476185,0.6985119047619047,True,0.6547619047619049,True,0.0,True,0.01,train_cv_auroc,"{""0.01"": 0.7215, ""0.1"": 0.7145, ""1.0"": 0.7158, ""10.0"": 0.7079}"
qwen2.5-0.5b-instruct__C2,qwen2.5-0.5b-instruct,C2,reasoning,0.49,70,17,89,26,37,0.5056179775280899,1.0,0.761904761904762,0.7017543859649122,0.5273809523809525,0.7369047619047621,True,0.6547619047619049,True,0.0,True,1.0,train_cv_auroc,"{""0.01"": 0.7158, ""0.1"": 0.708, ""1.0"": 0.7214, ""10.0"": 0.7197}"
qwen2.5-0.5b-instruct__C2,qwen2.5-0.5b-instruct,C2,reasoning,0.49,75,18,89,26,37,0.5056179775280899,0.9919191919191919,0.8273809523809523,0.7865497076023392,0.47440476190476194,0.6788690476190475,True,0.6547619047619049,True,0.0,True,0.01,train_cv_auroc,"{""0.01"": 0.7135, ""0.1"": 0.7124, ""1.0"": 0.7108, ""10.0"": 0.7031}"
qwen2.5-0.5b-instruct__C2,qwen2.5-0.5b-instruct,C2,reasoning,0.49,80,19,89,26,37,0.5056179775280899,0.990909090909091,0.863095238095238,0.7865497076023391,0.5252976190476192,0.762797619047619,True,0.6547619047619049,True,0.0,True,0.01,train_cv_auroc,"{""0.01"": 0.724, ""0.1"": 0.7125, ""1.0"": 0.7151, ""10.0"": 0.7059}"
qwen2.5-0.5b-instruct__C2,qwen2.5-0.5b-instruct,C2,reasoning,0.49,85,20,89,26,37,0.5056179775280899,0.9878787878787879,0.8630952380952381,0.804093567251462,0.5470238095238095,0.8095238095238095,True,0.6547619047619049,True,0.0,True,0.01,train_cv_auroc,"{""0.01"": 0.694, ""0.1"": 0.6742, ""1.0"": 0.6662, ""10.0"": 0.6557}"
qwen2.5-0.5b-instruct__C2,qwen2.5-0.5b-instruct,C2,reasoning,0.49,90,22,89,26,37,0.5056179775280899,0.9984848484848485,0.8452380952380952,0.8450292397660819,0.46220238095238103,0.7098214285714286,True,0.6547619047619049,True,0.0,True,0.01,train_cv_auroc,"{""0.01"": 0.6508, ""0.1"": 0.6117, ""1.0"": 0.601, ""10.0"": 0.5978}"
qwen2.5-0.5b-instruct__C2,qwen2.5-0.5b-instruct,C2,reasoning,0.49,95,23,89,26,37,0.5056179775280899,0.9994949494949495,0.8630952380952381,0.8362573099415205,0.4946428571428571,0.730059523809524,True,0.6547619047619049,True,0.0,True,0.01,train_cv_auroc,"{""0.01"": 0.6337, ""0.1"": 0.6194, ""1.0"": 0.6089, ""10.0"": 0.5938}"
qwen2.5-0.5b-instruct__C2,qwen2.5-0.5b-instruct,C2,reasoning,0.49,100,24,89,26,37,0.5056179775280899,1.0,0.875,0.8362573099415205,0.5351190476190476,0.6806547619047619,True,0.6547619047619049,True,0.0,True,0.01,train_cv_auroc,"{""0.01"": 0.609, ""0.1"": 0.5895, ""1.0"": 0.5697, ""10.0"": 0.5607}"
qwen2.5-0.5b-instruct__C3,qwen2.5-0.5b-instruct,C3,reasoning,0.49,0,0,49,16,12,0.5102040816326531,0.5,0.5,0.5,0.5,0.5,False,0.6458333333333334,False,0.0,False,0.01,train_cv_auroc,"{""0.01"": 0.5, ""0.1"": 0.5, ""1.0"": 0.5, ""10.0"": 0.5}"
qwen2.5-0.5b-instruct__C3,qwen2.5-0.5b-instruct,C3,reasoning,0.49,5,1,49,16,12,0.5102040816326531,0.9433333333333334,0.7291666666666667,0.33333333333333337,0.5333333333333334,0.6947916666666668,True,0.6458333333333334,True,0.0,True,0.01,train_cv_auroc,"{""0.01"": 0.6892, ""0.1"": 0.64, ""1.0"": 0.5845, ""10.0"": 0.5845}"
qwen2.5-0.5b-instruct__C3,qwen2.5-0.5b-instruct,C3,reasoning,0.49,10,2,49,16,12,0.5102040816326531,0.985,0.5833333333333334,0.22222222222222224,0.4729166666666666,0.7770833333333335,False,0.6458333333333334,False,0.0,False,0.01,train_cv_auroc,"{""0.01"": 0.7899, ""0.1"": 0.7448, ""1.0"": 0.7193, ""10.0"": 0.7141}"
qwen2.5-0.5b-instruct__C3,qwen2.5-0.5b-instruct,C3,reasoning,0.49,15,4,49,16,12,0.5102040816326531,0.97,0.7083333333333333,0.3333333333333333,0.5406249999999998,0.9177083333333333,False,0.6458333333333334,True,0.0,True,0.01,train_cv_auroc,"{""0.01"": 0.75, ""0.1"": 0.7147, ""1.0"": 0.6794, ""10.0"": 0.6557}"
qwen2.5-0.5b-instruct__C3,qwen2.5-0.5b-instruct,C3,reasoning,0.49,20,5,49,16,12,0.5102040816326531,0.995,0.7916666666666666,0.7222222222222223,0.5729166666666666,0.8166666666666668,False,0.6458333333333334,True,0.0,True,0.01,train_cv_auroc,"{""0.01"": 0.7494, ""0.1"": 0.739, ""1.0"": 0.7072, ""10.0"": 0.6973}"
qwen2.5-0.5b-instruct__C3,qwen2.5-0.5b-instruct,C3,reasoning,0.49,25,6,49,16,12,0.5102040816326531,0.9916666666666667,0.7291666666666667,0.7500000000000001,0.5270833333333333,0.8343750000000001,False,0.6458333333333334,True,0.0,True,0.01,train_cv_auroc,"{""0.01"": 0.7558, ""0.1"": 0.7147, ""1.0"": 0.7141, ""10.0"": 0.7089}"
qwen2.5-0.5b-instruct__C3,qwen2.5-0.5b-instruct,C3,reasoning,0.49,30,7,49,16,12,0.5102040816326531,0.9883333333333333,0.75,0.7222222222222223,0.5010416666666667,0.7708333333333333,False,0.6458333333333334,True,0.0,True,0.01,train_cv_auroc,"{""0.01"": 0.7911, ""0.1"": 0.7795, ""1.0"": 0.7795, ""10.0"": 0.7645}"
qwen2.5-0.5b-instruct__C3,qwen2.5-0.5b-instruct,C3,reasoning,0.49,35,8,49,16,12,0.5102040816326531,0.9916666666666666,0.7916666666666666,0.7222222222222222,0.571875,0.8968750000000001,False,0.6458333333333334,True,0.0,True,0.01,train_cv_auroc,"{""0.01"": 0.8067, ""0.1"": 0.7963, ""1.0"": 0.7766, ""10.0"": 0.7622}"
qwen2.5-0.5b-instruct__C3,qwen2.5-0.5b-instruct,C3,reasoning,0.49,40,10,49,16,12,0.5102040816326531,0.9883333333333333,0.875,0.6666666666666666,0.4750000000000001,0.859375,True,0.6458333333333334,True,0.0,True,0.01,train_cv_auroc,"{""0.01"": 0.7807, ""0.1"": 0.7245, ""1.0"": 0.7147, ""10.0"": 0.7211}"
qwen2.5-0.5b-instruct__C3,qwen2.5-0.5b-instruct,C3,reasoning,0.49,45,11,49,16,12,0.5102040816326531,0.9866666666666666,0.7083333333333333,0.6111111111111112,0.4854166666666666,0.7979166666666668,False,0.6458333333333334,True,0.0,True,0.01,train_cv_auroc,"{""0.01"": 0.8021, ""0.1"": 0.7465, ""1.0"": 0.7321, ""10.0"": 0.7176}"
qwen2.5-0.5b-instruct__C3,qwen2.5-0.5b-instruct,C3,reasoning,0.49,50,12,49,16,12,0.5102040816326531,0.9866666666666667,0.7291666666666667,0.7222222222222222,0.4729166666666666,0.8135416666666667,False,0.6458333333333334,True,0.0,True,0.01,train_cv_auroc,"{""0.01"": 0.8212, ""0.1"": 0.7494, ""1.0"": 0.7101, ""10.0"": 0.7002}"
qwen2.5-0.5b-instruct__C3,qwen2.5-0.5b-instruct,C3,reasoning,0.49,55,13,49,16,12,0.5102040816326531,0.9966666666666666,0.6875,0.6666666666666667,0.4739583333333333,0.7302083333333333,False,0.6458333333333334,True,0.0,True,0.01,train_cv_auroc,"{""0.01"": 0.8125, ""0.1"": 0.7812, ""1.0"": 0.7662, ""10.0"": 0.761}"
qwen2.5-0.5b-instruct__C3,qwen2.5-0.5b-instruct,C3,reasoning,0.49,60,14,49,16,12,0.5102040816326531,0.9966666666666666,0.6875,0.6388888888888888,0.540625,0.9166666666666666,False,0.6458333333333334,True,0.0,True,0.01,train_cv_auroc,"{""0.01"": 0.8113, ""0.1"": 0.7859, ""1.0"": 0.7662, ""10.0"": 0.7454}"
qwen2.5-0.5b-instruct__C3,qwen2.5-0.5b-instruct,C3,reasoning,0.49,65,16,49,16,12,0.5102040816326531,1.0,0.7291666666666667,0.4722222222222222,0.43125,0.7718750000000001,False,0.6458333333333334,True,0.0,True,0.01,train_cv_auroc,"{""0.01"": 0.7975, ""0.1"": 0.7708, ""1.0"": 0.7703, ""10.0"": 0.7703}"
qwen2.5-0.5b-instruct__C3,qwen2.5-0.5b-instruct,C3,reasoning,0.49,70,17,49,16,12,0.5102040816326531,1.0,0.7083333333333333,0.36111111111111105,0.4677083333333334,0.79375,False,0.6458333333333334,True,0.0,True,0.01,train_cv_auroc,"{""0.01"": 0.7622, ""0.1"": 0.7454, ""1.0"": 0.7257, ""10.0"": 0.6944}"
qwen2.5-0.5b-instruct__C3,qwen2.5-0.5b-instruct,C3,reasoning,0.49,75,18,49,16,12,0.5102040816326531,1.0,0.6875,0.5277777777777778,0.6229166666666667,0.8354166666666667,False,0.6458333333333334,True,0.0,True,0.01,train_cv_auroc,"{""0.01"": 0.7703, ""0.1"": 0.7546, ""1.0"": 0.75, ""10.0"": 0.7454}"
qwen2.5-0.5b-instruct__C3,qwen2.5-0.5b-instruct,C3,reasoning,0.49,80,19,49,16,12,0.5102040816326531,0.9983333333333334,0.7083333333333334,0.5555555555555556,0.5072916666666667,0.8395833333333335,False,0.6458333333333334,True,0.0,True,0.01,train_cv_auroc,"{""0.01"": 0.7708, ""0.1"": 0.761, ""1.0"": 0.7465, ""10.0"": 0.7465}"
qwen2.5-0.5b-instruct__C3,qwen2.5-0.5b-instruct,C3,reasoning,0.49,85,20,49,16,12,0.5102040816326531,0.9933333333333333,0.6875,0.5277777777777778,0.4822916666666667,0.775,False,0.6458333333333334,True,0.0,True,0.01,train_cv_auroc,"{""0.01"": 0.7766, ""0.1"": 0.7402, ""1.0"": 0.7211, ""10.0"": 0.7164}"
qwen2.5-0.5b-instruct__C3,qwen2.5-0.5b-instruct,C3,reasoning,0.49,90,22,49,16,12,0.5102040816326531,1.0,0.7291666666666666,0.4722222222222222,0.4614583333333333,0.8812500000000001,False,0.6458333333333334,True,0.0,True,0.01,train_cv_auroc,"{""0.01"": 0.8125, ""0.1"": 0.7731, ""1.0"": 0.7436, ""10.0"": 0.7344}"
qwen2.5-0.5b-instruct__C3,qwen2.5-0.5b-instruct,C3,reasoning,0.49,95,23,49,16,12,0.5102040816326531,1.0,0.7291666666666666,0.5555555555555556,0.4833333333333334,0.7552083333333333,False,0.6458333333333334,True,0.0,True,0.01,train_cv_auroc,"{""0.01"": 0.8079, ""0.1"": 0.7865, ""1.0"": 0.7523, ""10.0"": 0.7569}"
qwen2.5-0.5b-instruct__C3,qwen2.5-0.5b-instruct,C3,reasoning,0.49,100,24,49,16,12,0.5102040816326531,1.0,0.7083333333333333,0.5555555555555556,0.5604166666666666,0.9385416666666667,False,0.6458333333333334,True,0.0,True,0.01,train_cv_auroc,"{""0.01"": 0.8119, ""0.1"": 0.7766, ""1.0"": 0.7558, ""10.0"": 0.7274}"
qwen2.5-1.5b-instruct__R1,qwen2.5-1.5b-instruct,R1,retrieval,1.54,0,0,276,92,97,0.5,0.5,0.5,0.5,0.5,0.5,False,0.881904761904762,False,0.0,False,0.01,train_cv_auroc,"{""0.01"": 0.5, ""0.1"": 0.5, ""1.0"": 0.5, ""10.0"": 0.5}"
qwen2.5-1.5b-instruct__R1,qwen2.5-1.5b-instruct,R1,retrieval,1.54,5,1,276,92,97,0.5,0.9793635790800252,0.8638095238095238,0.827659574468085,0.5245714285714286,0.675047619047619,True,0.881904761904762,False,0.0,True,0.01,train_cv_auroc,"{""0.01"": 0.8603, ""0.1"": 0.8308, ""1.0"": 0.8138, ""10.0"": 0.8071}"
qwen2.5-1.5b-instruct__R1,qwen2.5-1.5b-instruct,R1,retrieval,1.54,10,3,276,92,97,0.5,0.9749002310438983,0.8761904761904762,0.8863829787234042,0.5058333333333334,0.7140952380952382,True,0.881904761904762,False,0.0,True,0.01,train_cv_auroc,"{""0.01"": 0.8672, ""0.1"": 0.8376, ""1.0"": 0.8204, ""10.0"": 0.8124}"
qwen2.5-1.5b-instruct__R1,qwen2.5-1.5b-instruct,R1,retrieval,1.54,15,4,276,92,97,0.5,0.9702793530770846,0.8795238095238095,0.8795744680851064,0.46914285714285703,0.579452380952381,True,0.881904761904762,False,0.0,True,0.01,train_cv_auroc,"{""0.01"": 0.8636, ""0.1"": 0.837, ""1.0"": 0.8228, ""10.0"": 0.8122}"
qwen2.5-1.5b-instruct__R1,qwen2.5-1.5b-instruct,R1,retrieval,1.54,20,6,276,92,97,0.5,0.9760554505356017,0.8933333333333333,0.8719148936170213,0.460047619047619,0.5613809523809525,True,0.881904761904762,True,0.0,True,0.01,train_cv_auroc,"{""0.01"": 0.8694, ""0.1"": 0.8475, ""1.0"": 0.8366, ""10.0"": 0.824}"
qwen2.5-1.5b-instruct__R1,qwen2.5-1.5b-instruct,R1,retrieval,1.54,25,7,276,92,97,0.5,0.9781033396345306,0.8899999999999999,0.8812765957446809,0.47333333333333333,0.5766428571428572,True,0.881904761904762,True,0.0,True,0.01,train_cv_auroc,"{""0.01"": 0.8784, ""0.1"": 0.8647, ""1.0"": 0.8552, ""10.0"": 0.8522}"
qwen2.5-1.5b-instruct__R1,qwen2.5-1.5b-instruct,R1,retrieval,1.54,30,8,276,92,97,0.5,0.9828817475320311,0.900952380952381,0.8808510638297872,0.4872142857142857,0.7096666666666667,True,0.881904761904762,True,0.0,True,0.01,train_cv_auroc,"{""0.01"": 0.8781, ""0.1"": 0.8582, ""1.0"": 0.8543, ""10.0"": 0.8519}"
qwen2.5-1.5b-instruct__R1,qwen2.5-1.5b-instruct,R1,retrieval,1.54,35,10,276,92,97,0.5,0.9835118672547785,0.9128571428571428,0.8902127659574467,0.5159047619047619,0.6511190476190477,True,0.881904761904762,True,0.0,True,0.01,train_cv_auroc,"{""0.01"": 0.8806, ""0.1"": 0.8625, ""1.0"": 0.8527, ""10.0"": 0.8472}"
qwen2.5-1.5b-instruct__R1,qwen2.5-1.5b-instruct,R1,retrieval,1.54,40,11,276,92,97,0.5,0.9853497164461248,0.9128571428571429,0.9034042553191489,0.4795952380952381,0.5921666666666667,True,0.881904761904762,True,0.0,True,0.01,train_cv_auroc,"{""0.01"": 0.8924, ""0.1"": 0.8746, ""1.0"": 0.8674, ""10.0"": 0.8618}"
qwen2.5-1.5b-instruct__R1,qwen2.5-1.5b-instruct,R1,retrieval,1.54,45,13,276,92,97,0.5,0.9878701953371141,0.9257142857142857,0.902127659574468,0.5040952380952382,0.606904761904762,True,0.881904761904762,True,0.0,True,0.01,train_cv_auroc,"{""0.01"": 0.8875, ""0.1"": 0.8716, ""1.0"": 0.8645, ""10.0"": 0.8633}"
qwen2.5-1.5b-instruct__R1,qwen2.5-1.5b-instruct,R1,retrieval,1.54,50,14,276,92,97,0.5,0.9878176853602185,0.940952380952381,0.902127659574468,0.4786428571428571,0.6091666666666666,True,0.881904761904762,True,0.0,True,0.01,train_cv_auroc,"{""0.01"": 0.8896, ""0.1"": 0.8735, ""1.0"": 0.8658, ""10.0"": 0.867}"
qwen2.5-1.5b-instruct__R1,qwen2.5-1.5b-instruct,R1,retrieval,1.54,55,15,276,92,97,0.5,0.9928061331653013,0.9228571428571428,0.8927659574468085,0.522547619047619,0.7129285714285716,True,0.881904761904762,True,0.0,True,0.01,train_cv_auroc,"{""0.01"": 0.8997, ""0.1"": 0.8954, ""1.0"": 0.8938, ""10.0"": 0.8911}"
qwen2.5-1.5b-instruct__R1,qwen2.5-1.5b-instruct,R1,retrieval,1.54,60,17,276,92,97,0.5,0.9840894770006301,0.9276190476190477,0.894468085106383,0.4963333333333333,0.6380714285714286,True,0.881904761904762,True,0.0,True,0.01,train_cv_auroc,"{""0.01"": 0.9072, ""0.1"": 0.8986, ""1.0"": 0.8981, ""10.0"": 0.8952}"
qwen2.5-1.5b-instruct__R1,qwen2.5-1.5b-instruct,R1,retrieval,1.54,65,18,276,92,97,0.5,0.9848771266540642,0.9190476190476191,0.8914893617021277,0.5040952380952382,0.6130476190476191,True,0.881904761904762,True,0.0,True,0.01,train_cv_auroc,"{""0.01"": 0.9127, ""0.1"": 0.9026, ""1.0"": 0.8976, ""10.0"": 0.8861}"
qwen2.5-1.5b-instruct__R1,qwen2.5-1.5b-instruct,R1,retrieval,1.54,70,20,276,92,97,0.5,0.9803087586641461,0.92,0.8995744680851063,0.48219047619047617,0.6612857142857143,True,0.881904761904762,True,0.0,True,0.01,train_cv_auroc,"{""0.01"": 0.9088, ""0.1"": 0.8927, ""1.0"": 0.883, ""10.0"": 0.8744}"
qwen2.5-1.5b-instruct__R1,qwen2.5-1.5b-instruct,R1,retrieval,1.54,75,21,276,92,97,0.5,0.98492963663096,0.9233333333333333,0.8978723404255319,0.5015714285714286,0.6165238095238096,True,0.881904761904762,True,0.0,True,0.01,train_cv_auroc,"{""0.01"": 0.9101, ""0.1"": 0.9003, ""1.0"": 0.8927, ""10.0"": 0.8871}"
qwen2.5-1.5b-instruct__R1,qwen2.5-1.5b-instruct,R1,retrieval,1.54,80,22,276,92,97,0.5,0.9859273261919765,0.9385714285714286,0.9259574468085107,0.49383333333333324,0.591857142857143,True,0.881904761904762,True,0.0,True,0.01,train_cv_auroc,"{""0.01"": 0.9039, ""0.1"": 0.8875, ""1.0"": 0.874, ""10.0"": 0.8625}"
qwen2.5-1.5b-instruct__R1,qwen2.5-1.5b-instruct,R1,retrieval,1.54,85,24,276,92,97,0.5,0.9950640621718126,0.9214285714285715,0.8974468085106383,0.508452380952381,0.645452380952381,True,0.881904761904762,True,0.0,True,0.01,train_cv_auroc,"{""0.01"": 0.9231, ""0.1"": 0.9175, ""1.0"": 0.9067, ""10.0"": 0.899}"
qwen2.5-1.5b-instruct__R1,qwen2.5-1.5b-instruct,R1,retrieval,1.54,90,25,276,92,97,0.5,0.9934887628649444,0.9238095238095239,0.8982978723404256,0.5164761904761905,0.6432380952380953,True,0.881904761904762,True,0.0,True,0.01,train_cv_auroc,"{""0.01"": 0.9192, ""0.1"": 0.9132, ""1.0"": 0.9029, ""10.0"": 0.8922}"
qwen2.5-1.5b-instruct__R1,qwen2.5-1.5b-instruct,R1,retrieval,1.54,95,27,276,92,97,0.5,0.9939088426801093,0.9180952380952381,0.8923404255319148,0.5048809523809524,0.6219761904761905,True,0.881904761904762,True,0.0,True,0.01,train_cv_auroc,"{""0.01"": 0.9217, ""0.1"": 0.9189, ""1.0"": 0.9105, ""10.0"": 0.9007}"
qwen2.5-1.5b-instruct__R1,qwen2.5-1.5b-instruct,R1,retrieval,1.54,100,28,276,92,97,0.5,0.9963768115942029,0.9090476190476191,0.8851063829787235,0.49316666666666664,0.6000952380952381,True,0.881904761904762,True,0.0,True,0.01,train_cv_auroc,"{""0.01"": 0.919, ""0.1"": 0.9123, ""1.0"": 0.9004, ""10.0"": 0.8908}"
qwen2.5-1.5b-instruct__R2,qwen2.5-1.5b-instruct,R2,retrieval,1.54,0,0,277,93,89,0.5018050541516246,0.5,0.5,0.5,0.5,0.5,False,0.8889916743755781,False,0.0,False,0.01,train_cv_auroc,"{""0.01"": 0.5, ""0.1"": 0.5, ""1.0"": 0.5, ""10.0"": 0.5}"
qwen2.5-1.5b-instruct__R2,qwen2.5-1.5b-instruct,R2,retrieval,1.54,5,1,277,93,89,0.5018050541516246,0.9649150245021375,0.8765032377428307,0.9086734693877552,0.5284921369102683,0.7098057354301572,True,0.8889916743755781,False,0.0,True,0.01,train_cv_auroc,"{""0.01"": 0.8389, ""0.1"": 0.8153, ""1.0"": 0.7903, ""10.0"": 0.786}"
qwen2.5-1.5b-instruct__R2,qwen2.5-1.5b-instruct,R2,retrieval,1.54,10,3,277,93,89,0.5018050541516246,0.9660098008549682,0.8862164662349675,0.9418367346938775,0.49956059204440334,0.633418131359852,True,0.8889916743755781,False,0.0,True,0.01,train_cv_auroc,"{""0.01"": 0.8244, ""0.1"": 0.818, ""1.0"": 0.8123, ""10.0"": 0.8083}"
qwen2.5-1.5b-instruct__R2,qwen2.5-1.5b-instruct,R2,retrieval,1.54,15,4,277,93,89,0.5018050541516246,0.9651756855385257,0.8788159111933396,0.9301020408163265,0.5055735430157261,0.6565448658649399,True,0.8889916743755781,False,0.0,True,0.01,train_cv_auroc,"{""0.01"": 0.8381, ""0.1"": 0.8174, ""1.0"": 0.8034, ""10.0"": 0.7945}"
qwen2.5-1.5b-instruct__R2,qwen2.5-1.5b-instruct,R2,retrieval,1.54,20,6,277,93,89,0.5018050541516246,0.9675216348660203,0.8746530989824237,0.925,0.5016651248843662,0.6720397779833487,True,0.8889916743755781,False,0.0,True,0.01,train_cv_auroc,"{""0.01"": 0.8372, ""0.1"": 0.8137, ""1.0"": 0.7932, ""10.0"": 0.7877}"
qwen2.5-1.5b-instruct__R2,qwen2.5-1.5b-instruct,R2,retrieval,1.54,25,7,277,93,89,0.5018050541516246,0.9688770722552393,0.8811285846438482,0.938265306122449,0.5138760407030526,0.6427844588344126,True,0.8889916743755781,False,0.0,True,0.01,train_cv_auroc,"{""0.01"": 0.8443, ""0.1"": 0.8165, ""1.0"": 0.8002, ""10.0"": 0.7945}"
qwen2.5-1.5b-instruct__R2,qwen2.5-1.5b-instruct,R2,retrieval,1.54,30,8,277,93,89,0.5018050541516246,0.9716400792409551,0.8714153561517114,0.938265306122449,0.49019426456984283,0.6111702127659575,True,0.8889916743755781,False,0.0,True,0.01,train_cv_auroc,"{""0.01"": 0.8408, ""0.1"": 0.825, ""1.0"": 0.8155, ""10.0"": 0.8093}"
qwen2.5-1.5b-instruct__R2,qwen2.5-1.5b-instruct,R2,retrieval,1.54,35,10,277,93,89,0.5018050541516246,0.9693983943280159,0.8806660499537465,0.9515306122448979,0.4927844588344126,0.6160730804810362,True,0.8889916743755781,False,0.0,True,0.01,train_cv_auroc,"{""0.01"": 0.8449, ""0.1"": 0.8291, ""1.0"": 0.8175, ""10.0"": 0.8103}"
qwen2.5-1.5b-instruct__R2,qwen2.5-1.5b-instruct,R2,retrieval,1.54,40,11,277,93,89,0.5018050541516246,0.9691898654989053,0.88159111933395,0.960204081632653,0.5034690101757633,0.6148936170212767,True,0.8889916743755781,False,0.0,True,0.01,train_cv_auroc,"{""0.01"": 0.8445, ""0.1"": 0.8269, ""1.0"": 0.8135, ""10.0"": 0.8043}"
qwen2.5-1.5b-instruct__R2,qwen2.5-1.5b-instruct,R2,retrieval,1.54,45,13,277,93,89,0.5018050541516246,0.9712230215827338,0.8839037927844589,0.9612244897959183,0.5222247918593895,0.6675300647548567,True,0.8889916743755781,False,0.0,True,0.01,train_cv_auroc,"{""0.01"": 0.8521, ""0.1"": 0.8421, ""1.0"": 0.8303, ""10.0"": 0.8239}"
qwen2.5-1.5b-instruct__R2,qwen2.5-1.5b-instruct,R2,retrieval,1.54,50,14,277,93,89,0.5018050541516246,0.9800333646126578,0.8774283071230342,0.9505102040816327,0.5045097132284921,0.6272432932469936,True,0.8889916743755781,False,0.0,True,0.01,train_cv_auroc,"{""0.01"": 0.8691, ""0.1"": 0.8648, ""1.0"": 0.8572, ""10.0"": 0.8531}"
qwen2.5-1.5b-instruct__R2,qwen2.5-1.5b-instruct,R2,retrieval,1.54,55,15,277,93,89,0.5018050541516246,0.980294025649046,0.8728029602220166,0.9474489795918367,0.507123034227567,0.675786308973173,True,0.8889916743755781,False,0.0,True,0.01,train_cv_auroc,"{""0.01"": 0.8732, ""0.1"": 0.8665, ""1.0"": 0.8586, ""10.0"": 0.8572}"
qwen2.5-1.5b-instruct__R2,qwen2.5-1.5b-instruct,R2,retrieval,1.54,60,17,277,93,89,0.5018050541516246,0.9754457303722239,0.8857539315448658,0.9561224489795919,0.5169518963922294,0.7325393154486587,True,0.8889916743755781,False,0.0,True,0.01,train_cv_auroc,"{""0.01"": 0.8969, ""0.1"": 0.8904, ""1.0"": 0.8868, ""10.0"": 0.8837}"
qwen2.5-1.5b-instruct__R2,qwen2.5-1.5b-instruct,R2,retrieval,1.54,65,18,277,93,89,0.5018050541516246,0.9771660932123867,0.9024051803885291,0.9571428571428571,0.4909343200740056,0.6145467160037003,True,0.8889916743755781,True,0.0,True,0.01,train_cv_auroc,"{""0.01"": 0.8935, ""0.1"": 0.8883, ""1.0"": 0.8796, ""10.0"": 0.875}"
qwen2.5-1.5b-instruct__R2,qwen2.5-1.5b-instruct,R2,retrieval,1.54,70,20,277,93,89,0.5018050541516246,0.9732040454592847,0.9088806660499538,0.9637755102040816,0.4694264569842739,0.5975023126734506,True,0.8889916743755781,True,0.0,True,0.01,train_cv_auroc,"{""0.01"": 0.8933, ""0.1"": 0.8915, ""1.0"": 0.8832, ""10.0"": 0.8794}"
qwen2.5-1.5b-instruct__R2,qwen2.5-1.5b-instruct,R2,retrieval,1.54,75,21,277,93,89,0.5018050541516246,0.9770618287978313,0.913968547641073,0.9612244897959183,0.46278908418131354,0.6649167437557818,True,0.8889916743755781,True,0.0,True,0.01,train_cv_auroc,"{""0.01"": 0.9011, ""0.1"": 0.896, ""1.0"": 0.8828, ""10.0"": 0.8768}"
qwen2.5-1.5b-instruct__R2,qwen2.5-1.5b-instruct,R2,retrieval,1.54,80,22,277,93,89,0.5018050541516246,0.980450422270879,0.9347826086956521,0.9668367346938775,0.4739824236817761,0.558649398704903,True,0.8889916743755781,True,0.0,True,0.01,train_cv_auroc,"{""0.01"": 0.8977, ""0.1"": 0.8869, ""1.0"": 0.8754, ""10.0"": 0.8736}"
qwen2.5-1.5b-instruct__R2,qwen2.5-1.5b-instruct,R2,retrieval,1.54,85,24,277,93,89,0.5018050541516246,0.9902512772390784,0.9333950046253469,0.9535714285714285,0.5057123034227567,0.6126040703052729,True,0.8889916743755781,True,0.0,True,0.01,train_cv_auroc,"{""0.01"": 0.914, ""0.1"": 0.905, ""1.0"": 0.8975, ""10.0"": 0.893}"
qwen2.5-1.5b-instruct__R2,qwen2.5-1.5b-instruct,R2,retrieval,1.54,90,25,277,93,89,0.5018050541516246,0.9905119382754666,0.9343200740055505,0.9510204081632653,0.5055966697502312,0.6542553191489362,True,0.8889916743755781,True,0.0,True,0.01,train_cv_auroc,"{""0.01"": 0.9165, ""0.1"": 0.9077, ""1.0"": 0.899, ""10.0"": 0.8944}"
qwen2.5-1.5b-instruct__R2,qwen2.5-1.5b-instruct,R2,retrieval,1.54,95,27,277,93,89,0.5018050541516246,0.991658846835575,0.932932469935245,0.9510204081632653,0.5054579093432007,0.6453052728954672,True,0.8889916743755781,True,0.0,True,0.01,train_cv_auroc,"{""0.01"": 0.9123, ""0.1"": 0.9045, ""1.0"": 0.8964, ""10.0"": 0.8918}"
qwen2.5-1.5b-instruct__R2,qwen2.5-1.5b-instruct,R2,retrieval,1.54,100,28,277,93,89,0.5018050541516246,0.9937962673339589,0.9343200740055503,0.9403061224489796,0.4935245143385754,0.6043246993524515,True,0.8889916743755781,True,0.0,True,0.01,train_cv_auroc,"{""0.01"": 0.9104, ""0.1"": 0.9047, ""1.0"": 0.8977, ""10.0"": 0.896}"
qwen2.5-1.5b-instruct__R3,qwen2.5-1.5b-instruct,R3,retrieval,1.54,0,0,297,100,96,0.5016835016835017,0.5,0.5,0.5,0.5,0.5,False,0.7282913165266107,False,0.0,False,0.01,train_cv_auroc,"{""0.01"": 0.5, ""0.1"": 0.5, ""1.0"": 0.5, ""10.0"": 0.5}"
qwen2.5-1.5b-instruct__R3,qwen2.5-1.5b-instruct,R3,retrieval,1.54,5,1,297,100,96,0.5016835016835017,0.9743333937964811,0.7747098839535814,0.6017738359201774,0.511984793917567,0.6154461784713885,True,0.7282913165266107,True,0.0,True,0.01,train_cv_auroc,"{""0.01"": 0.5866, ""0.1"": 0.5803, ""1.0"": 0.5705, ""10.0"": 0.5664}"
qwen2.5-1.5b-instruct__R3,qwen2.5-1.5b-instruct,R3,retrieval,1.54,10,3,297,100,96,0.5016835016835017,1.0,0.7202881152460985,0.7104212860310422,0.47464985994397757,0.5320928371348539,True,0.7282913165266107,False,0.0,True,0.1,train_cv_auroc,"{""0.01"": 0.6554, ""0.1"": 0.6636, ""1.0"": 0.6575, ""10.0"": 0.6557}"
qwen2.5-1.5b-instruct__R3,qwen2.5-1.5b-instruct,R3,retrieval,1.54,15,4,297,100,96,0.5016835016835017,0.9707509522945765,0.7523009203681472,0.6647450110864745,0.49669867947178875,0.5675270108043217,True,0.7282913165266107,True,0.0,True,0.01,train_cv_auroc,"{""0.01"": 0.6637, ""0.1"": 0.6606, ""1.0"": 0.6585, ""10.0"": 0.652}"
qwen2.5-1.5b-instruct__R3,qwen2.5-1.5b-instruct,R3,retrieval,1.54,20,6,297,100,96,0.5016835016835017,0.9742880464356974,0.7410964385754302,0.7246119733924612,0.4858543417366946,0.569607843137255,True,0.7282913165266107,True,0.0,True,0.01,train_cv_auroc,"{""0.01"": 0.6654, ""0.1"": 0.6568, ""1.0"": 0.6485, ""10.0"": 0.6477}"
qwen2.5-1.5b-instruct__R3,qwen2.5-1.5b-instruct,R3,retrieval,1.54,25,7,297,100,96,0.5016835016835017,0.9753763830945039,0.7482993197278912,0.7272727272727273,0.4575230092036816,0.5407162865146059,True,0.7282913165266107,True,0.0,True,0.01,train_cv_auroc,"{""0.01"": 0.6758, ""0.1"": 0.6564, ""1.0"": 0.646, ""10.0"": 0.6405}"
qwen2.5-1.5b-instruct__R3,qwen2.5-1.5b-instruct,R3,retrieval,1.54,30,8,297,100,96,0.5016835016835017,0.9809087611101034,0.7478991596638656,0.7002217294900221,0.5081832733093238,0.5907362945178072,True,0.7282913165266107,True,0.0,True,0.01,train_cv_auroc,"{""0.01"": 0.6695, ""0.1"": 0.6638, ""1.0"": 0.6579, ""10.0"": 0.6549}"
qwen2.5-1.5b-instruct__R3,qwen2.5-1.5b-instruct,R3,retrieval,1.54,35,10,297,100,96,0.5016835016835017,0.985851623435516,0.7262905162064827,0.7893569844789357,0.5180672268907562,0.603641456582633,True,0.7282913165266107,False,0.0,True,0.01,train_cv_auroc,"{""0.01"": 0.7251, ""0.1"": 0.7223, ""1.0"": 0.7134, ""10.0"": 0.7063}"
qwen2.5-1.5b-instruct__R3,qwen2.5-1.5b-instruct,R3,retrieval,1.54,40,11,297,100,96,0.5016835016835017,0.9836749501179031,0.7222889155662265,0.7964523281596452,0.5201680672268909,0.6429171668667467,True,0.7282913165266107,False,0.0,True,0.01,train_cv_auroc,"{""0.01"": 0.7301, ""0.1"": 0.7151, ""1.0"": 0.7031, ""10.0"": 0.6974}"
qwen2.5-1.5b-instruct__R3,qwen2.5-1.5b-instruct,R3,retrieval,1.54,45,13,297,100,96,0.5016835016835017,0.9812715399963723,0.7274909963985594,0.7813747228381376,0.4876550620248098,0.5699279711884755,True,0.7282913165266107,False,0.0,True,0.01,train_cv_auroc,"{""0.01"": 0.7279, ""0.1"": 0.7054, ""1.0"": 0.6947, ""10.0"": 0.693}"
qwen2.5-1.5b-instruct__R3,qwen2.5-1.5b-instruct,R3,retrieval,1.54,50,14,297,100,96,0.5016835016835017,0.9822691819336115,0.702280912364946,0.7804878048780488,0.5081832733093238,0.5688675470188075,True,0.7282913165266107,False,0.0,True,0.01,train_cv_auroc,"{""0.01"": 0.7474, ""0.1"": 0.7289, ""1.0"": 0.7167, ""10.0"": 0.7117}"
qwen2.5-1.5b-instruct__R3,qwen2.5-1.5b-instruct,R3,retrieval,1.54,55,15,297,100,96,0.5016835016835017,0.9829040449845818,0.7242897158863546,0.7831485587583148,0.5058623449379753,0.5934573829531813,True,0.7282913165266107,False,0.0,True,0.01,train_cv_auroc,"{""0.01"": 0.7548, ""0.1"": 0.7414, ""1.0"": 0.7303, ""10.0"": 0.7242}"
qwen2.5-1.5b-instruct__R3,qwen2.5-1.5b-instruct,R3,retrieval,1.54,60,17,297,100,96,0.5016835016835017,0.9822691819336115,0.7555022008803521,0.8164079822616408,0.4658263305322129,0.5657462985194077,True,0.7282913165266107,True,0.0,True,0.01,train_cv_auroc,"{""0.01"": 0.7611, ""0.1"": 0.7577, ""1.0"": 0.7489, ""10.0"": 0.7418}"
qwen2.5-1.5b-instruct__R3,qwen2.5-1.5b-instruct,R3,retrieval,1.54,65,18,297,100,96,0.5016835016835017,0.9819064030473426,0.7755102040816326,0.8075388026607538,0.4941376550620248,0.5915566226490597,True,0.7282913165266107,True,0.0,True,0.01,train_cv_auroc,"{""0.01"": 0.7705, ""0.1"": 0.7576, ""1.0"": 0.7424, ""10.0"": 0.7356}"
qwen2.5-1.5b-instruct__R3,qwen2.5-1.5b-instruct,R3,retrieval,1.54,70,20,297,100,96,0.5016835016835017,0.9726101940867042,0.7807122849139656,0.8341463414634146,0.47440976390556217,0.618547418967587,True,0.7282913165266107,True,0.0,True,0.01,train_cv_auroc,"{""0.01"": 0.7731, ""0.1"": 0.7558, ""1.0"": 0.7457, ""10.0"": 0.7411}"
qwen2.5-1.5b-instruct__R3,qwen2.5-1.5b-instruct,R3,retrieval,1.54,75,21,297,100,96,0.5016835016835017,0.9878015599492109,0.7723089235694278,0.7862527716186253,0.523329331732693,0.6110644257703081,True,0.7282913165266107,True,0.0,True,0.01,train_cv_auroc,"{""0.01"": 0.7717, ""0.1"": 0.7455, ""1.0"": 0.7323, ""10.0"": 0.7287}"
qwen2.5-1.5b-instruct__R3,qwen2.5-1.5b-instruct,R3,retrieval,1.54,80,22,297,100,96,0.5016835016835017,0.9933339379648104,0.7767106842737095,0.7822616407982261,0.5242296918767506,0.6336534613845538,True,0.7282913165266107,True,0.0,True,0.01,train_cv_auroc,"{""0.01"": 0.7915, ""0.1"": 0.7691, ""1.0"": 0.754, ""10.0"": 0.749}"
qwen2.5-1.5b-instruct__R3,qwen2.5-1.5b-instruct,R3,retrieval,1.54,85,24,297,100,96,0.5016835016835017,0.992472338109922,0.7999199679871949,0.7844789356984478,0.49207683073229297,0.577531012404962,True,0.7282913165266107,True,0.0,True,0.01,train_cv_auroc,"{""0.01"": 0.7665, ""0.1"": 0.7376, ""1.0"": 0.7229, ""10.0"": 0.7175}"
qwen2.5-1.5b-instruct__R3,qwen2.5-1.5b-instruct,R3,retrieval,1.54,90,25,297,100,96,0.5016835016835017,0.9960547796118266,0.8099239695878351,0.7631929046563193,0.49731892757102847,0.582372949179672,True,0.7282913165266107,True,0.0,True,0.01,train_cv_auroc,"{""0.01"": 0.7842, ""0.1"": 0.7651, ""1.0"": 0.7528, ""10.0"": 0.7535}"
qwen2.5-1.5b-instruct__R3,qwen2.5-1.5b-instruct,R3,retrieval,1.54,95,27,297,100,96,0.5016835016835017,0.9987302738980591,0.8171268507402961,0.7645232815964523,0.4873349339735894,0.609563825530212,True,0.7282913165266107,True,0.0,True,0.01,train_cv_auroc,"{""0.01"": 0.8007, ""0.1"": 0.7858, ""1.0"": 0.777, ""10.0"": 0.7692}"
qwen2.5-1.5b-instruct__R3,qwen2.5-1.5b-instruct,R3,retrieval,1.54,100,28,297,100,96,0.5016835016835017,0.999319789588246,0.7831132452981193,0.7694013303769401,0.49719887955182074,0.6261704681872748,True,0.7282913165266107,True,0.0,True,0.01,train_cv_auroc,"{""0.01"": 0.8023, ""0.1"": 0.7952, ""1.0"": 0.7829, ""10.0"": 0.7743}"
qwen2.5-1.5b-instruct__C1,qwen2.5-1.5b-instruct,C1,reasoning,1.54,0,0,280,94,98,0.5,0.5,0.5,0.5,0.5,0.5,False,0.5193798449612403,False,0.0,False,0.01,train_cv_auroc,"{""0.01"": 0.5, ""0.1"": 0.5, ""1.0"": 0.5, ""10.0"": 0.5}"
qwen2.5-1.5b-instruct__C1,qwen2.5-1.5b-instruct,C1,reasoning,1.54,5,1,280,94,98,0.5,0.9772448979591837,0.5622435020519836,0.5414410662224073,0.49142726858185126,0.5941860465116279,False,0.5193798449612403,True,0.0,False,0.01,train_cv_auroc,"{""0.01"": 0.5858, ""0.1"": 0.5739, ""1.0"": 0.5693, ""10.0"": 0.5658}"
qwen2.5-1.5b-instruct__C1,qwen2.5-1.5b-instruct,C1,reasoning,1.54,10,3,280,94,98,0.5,1.0,0.5070679434564523,0.5737192836318201,0.4843365253077976,0.5657432740538076,False,0.5193798449612403,False,0.0,False,10.0,train_cv_auroc,"{""0.01"": 0.6072, ""0.1"": 0.6029, ""1.0"": 0.6067, ""10.0"": 0.6108}"
qwen2.5-1.5b-instruct__C1,qwen2.5-1.5b-instruct,C1,reasoning,1.54,15,4,280,94,98,0.5,1.0,0.5492476060191519,0.5735110370678883,0.5063725490196079,0.5681144550843594,False,0.5193798449612403,True,0.0,False,10.0,train_cv_auroc,"{""0.01"": 0.6106, ""0.1"": 0.6223, ""1.0"": 0.6223, ""10.0"": 0.6255}"
qwen2.5-1.5b-instruct__C1,qwen2.5-1.5b-instruct,C1,reasoning,1.54,20,6,280,94,98,0.5,0.9679591836734694,0.5462836297309621,0.5318617242815493,0.5046283629730961,0.5917236662106704,False,0.5193798449612403,True,0.0,False,0.01,train_cv_auroc,"{""0.01"": 0.6016, ""0.1"": 0.5836, ""1.0"": 0.5698, ""10.0"": 0.5684}"
qwen2.5-1.5b-instruct__C1,qwen2.5-1.5b-instruct,C1,reasoning,1.54,25,7,280,94,98,0.5,0.9631122448979592,0.5157318741450068,0.5381091211995002,0.5188554491564068,0.6412676698586411,False,0.5193798449612403,False,0.0,False,0.01,train_cv_auroc,"{""0.01"": 0.5768, ""0.1"": 0.5534, ""1.0"": 0.5441, ""10.0"": 0.5459}"
qwen2.5-1.5b-instruct__C1,qwen2.5-1.5b-instruct,C1,reasoning,1.54,30,8,280,94,98,0.5,0.963673469387755,0.5681714546283629,0.600999583506872,0.49288645690834476,0.6388052895576836,False,0.5193798449612403,True,0.0,False,0.01,train_cv_auroc,"{""0.01"": 0.5824, ""0.1"": 0.5621, ""1.0"": 0.5531, ""10.0"": 0.5577}"
qwen2.5-1.5b-instruct__C1,qwen2.5-1.5b-instruct,C1,reasoning,1.54,35,10,280,94,98,0.5,0.9685714285714286,0.5786593707250343,0.6201582673885881,0.5237574099407205,0.6152530779753762,False,0.5193798449612403,True,0.0,False,0.01,train_cv_auroc,"{""0.01"": 0.6079, ""0.1"": 0.5925, ""1.0"": 0.5966, ""10.0"": 0.599}"
qwen2.5-1.5b-instruct__C1,qwen2.5-1.5b-instruct,C1,reasoning,1.54,40,11,280,94,98,0.5,0.9676020408163265,0.5786593707250342,0.6326530612244898,0.5013679890560875,0.5971272229822162,False,0.5193798449612403,True,0.0,False,0.01,train_cv_auroc,"{""0.01"": 0.5979, ""0.1"": 0.587, ""1.0"": 0.5815, ""10.0"": 0.5821}"
qwen2.5-1.5b-instruct__C1,qwen2.5-1.5b-instruct,C1,reasoning,1.54,45,13,280,94,98,0.5,0.9636734693877551,0.5845873233014136,0.5739275301957517,0.5035339717282262,0.6306201550387598,False,0.5193798449612403,True,0.0,False,0.01,train_cv_auroc,"{""0.01"": 0.6137, ""0.1"": 0.5916, ""1.0"": 0.5804, ""10.0"": 0.5748}"
qwen2.5-1.5b-instruct__C1,qwen2.5-1.5b-instruct,C1,reasoning,1.54,50,14,280,94,98,0.5,0.9770408163265307,0.595531235750114,0.599750104123282,0.48768809849521205,0.5793433652530781,True,0.5193798449612403,True,0.0,False,0.01,train_cv_auroc,"{""0.01"": 0.6266, ""0.1"": 0.6094, ""1.0"": 0.603, ""10.0"": 0.5974}"
qwen2.5-1.5b-instruct__C1,qwen2.5-1.5b-instruct,C1,reasoning,1.54,55,15,280,94,98,0.5,0.975561224489796,0.5827633378932969,0.6214077467721782,0.48388052895576844,0.5601915184678523,True,0.5193798449612403,True,0.0,False,0.01,train_cv_auroc,"{""0.01"": 0.6161, ""0.1"": 0.5961, ""1.0"": 0.5889, ""10.0"": 0.5871}"
qwen2.5-1.5b-instruct__C1,qwen2.5-1.5b-instruct,C1,reasoning,1.54,60,17,280,94,98,0.5,0.9800000000000001,0.7159142726858184,0.6730528946272386,0.49938440492476055,0.6004103967168263,True,0.5193798449612403,True,0.0,True,0.01,train_cv_auroc,"{""0.01"": 0.6465, ""0.1"": 0.6123, ""1.0"": 0.6003, ""10.0"": 0.6004}"
qwen2.5-1.5b-instruct__C1,qwen2.5-1.5b-instruct,C1,reasoning,1.54,65,18,280,94,98,0.5,0.9781122448979592,0.6963064295485636,0.6426488962932111,0.5134974920200639,0.6006383948928409,True,0.5193798449612403,True,0.0,True,0.01,train_cv_auroc,"{""0.01"": 0.6656, ""0.1"": 0.6327, ""1.0"": 0.6238, ""10.0"": 0.6231}"
qwen2.5-1.5b-instruct__C1,qwen2.5-1.5b-instruct,C1,reasoning,1.54,70,20,280,94,98,0.5,0.9657142857142856,0.6990424076607387,0.6880466472303207,0.502485180118559,0.6089147286821706,True,0.5193798449612403,True,0.0,True,0.01,train_cv_auroc,"{""0.01"": 0.6649, ""0.1"": 0.6299, ""1.0"": 0.6209, ""10.0"": 0.6213}"
qwen2.5-1.5b-instruct__C1,qwen2.5-1.5b-instruct,C1,reasoning,1.54,75,21,280,94,98,0.5,0.9785204081632652,0.6415868673050614,0.7109537692628071,0.5033971728226174,0.5864569083447333,True,0.5193798449612403,True,0.0,False,0.01,train_cv_auroc,"{""0.01"": 0.6298, ""0.1"": 0.6162, ""1.0"": 0.6073, ""10.0"": 0.606}"
qwen2.5-1.5b-instruct__C1,qwen2.5-1.5b-instruct,C1,reasoning,1.54,80,22,280,94,98,0.5,0.980969387755102,0.6443228454172367,0.7134527280299875,0.5219562243502052,0.6027131782945735,True,0.5193798449612403,True,0.0,False,0.01,train_cv_auroc,"{""0.01"": 0.616, ""0.1"": 0.6114, ""1.0"": 0.6045, ""10.0"": 0.603}"
qwen2.5-1.5b-instruct__C1,qwen2.5-1.5b-instruct,C1,reasoning,1.54,85,24,280,94,98,0.5,0.9912244897959184,0.6315549475604195,0.7147022074135777,0.492749658002736,0.5909484724122207,True,0.5193798449612403,True,0.0,False,0.01,train_cv_auroc,"{""0.01"": 0.6116, ""0.1"": 0.6065, ""1.0"": 0.6053, ""10.0"": 0.604}"
qwen2.5-1.5b-instruct__C1,qwen2.5-1.5b-instruct,C1,reasoning,1.54,90,25,280,94,98,0.5,0.9923979591836735,0.6292749658002736,0.6951270304039984,0.5249202006383948,0.6015731874145007,True,0.5193798449612403,True,0.0,False,0.01,train_cv_auroc,"{""0.01"": 0.602, ""0.1"": 0.5891, ""1.0"": 0.5819, ""10.0"": 0.5809}"
qwen2.5-1.5b-instruct__C1,qwen2.5-1.5b-instruct,C1,reasoning,1.54,95,27,280,94,98,0.5,0.9971938775510204,0.6187870497036023,0.6826322365680966,0.4850661194710444,0.5902188782489739,True,0.5193798449612403,True,0.0,False,0.01,train_cv_auroc,"{""0.01"": 0.6024, ""0.1"": 0.586, ""1.0"": 0.5763, ""10.0"": 0.5754}"
qwen2.5-1.5b-instruct__C1,qwen2.5-1.5b-instruct,C1,reasoning,1.54,100,28,280,94,98,0.5,0.9993367346938775,0.5927952576379389,0.6289046230737193,0.47986776105791157,0.579388964888281,True,0.5193798449612403,True,0.0,False,0.01,train_cv_auroc,"{""0.01"": 0.6074, ""0.1"": 0.5909, ""1.0"": 0.584, ""10.0"": 0.585}"
qwen2.5-1.5b-instruct__C2,qwen2.5-1.5b-instruct,C2,reasoning,1.54,0,0,227,75,73,0.5022026431718062,0.5,0.5,0.5,0.5,0.5,False,0.5922038980509744,False,0.0,False,0.01,train_cv_auroc,"{""0.01"": 0.5, ""0.1"": 0.5, ""1.0"": 0.5, ""10.0"": 0.5}"
qwen2.5-1.5b-instruct__C2,qwen2.5-1.5b-instruct,C2,reasoning,1.54,5,1,227,75,73,0.5022026431718062,0.9980593075609377,0.6326836581709145,0.5728682170542636,0.5085082458770613,0.6060719640179911,True,0.5922038980509744,True,0.0,False,0.1,train_cv_auroc,"{""0.01"": 0.603, ""0.1"": 0.613, ""1.0"": 0.608, ""10.0"": 0.5981}"
qwen2.5-1.5b-instruct__C2,qwen2.5-1.5b-instruct,C2,reasoning,1.54,10,3,227,75,73,0.5022026431718062,0.999844744604875,0.6229385307346327,0.6395348837209301,0.479647676161919,0.606071964017991,True,0.5922038980509744,True,0.0,False,0.1,train_cv_auroc,"{""0.01"": 0.6718, ""0.1"": 0.6741, ""1.0"": 0.6624, ""10.0"": 0.6506}"
qwen2.5-1.5b-instruct__C2,qwen2.5-1.5b-instruct,C2,reasoning,1.54,15,4,227,75,73,0.5022026431718062,1.0,0.6281859070464768,0.6720930232558139,0.5149175412293853,0.5932158920539731,True,0.5922038980509744,True,0.0,False,0.1,train_cv_auroc,"{""0.01"": 0.7198, ""0.1"": 0.7331, ""1.0"": 0.7313, ""10.0"": 0.7257}"
qwen2.5-1.5b-instruct__C2,qwen2.5-1.5b-instruct,C2,reasoning,1.54,20,6,227,75,73,0.5022026431718062,1.0,0.6199400299850075,0.6511627906976745,0.45993253373313336,0.6262743628185907,False,0.5922038980509744,True,0.0,False,1.0,train_cv_auroc,"{""0.01"": 0.6879, ""0.1"": 0.7063, ""1.0"": 0.7096, ""10.0"": 0.7067}"
qwen2.5-1.5b-instruct__C2,qwen2.5-1.5b-instruct,C2,reasoning,1.54,25,7,227,75,73,0.5022026431718062,1.0,0.6064467766116941,0.6255813953488373,0.5208020989505247,0.5930284857571214,True,0.5922038980509744,True,0.0,False,1.0,train_cv_auroc,"{""0.01"": 0.6711, ""0.1"": 0.7048, ""1.0"": 0.709, ""10.0"": 0.7089}"
qwen2.5-1.5b-instruct__C2,qwen2.5-1.5b-instruct,C2,reasoning,1.54,30,8,227,75,73,0.5022026431718062,0.999844744604875,0.6431784107946027,0.5651162790697675,0.5216266866566717,0.6761994002998502,False,0.5922038980509744,True,0.0,False,0.1,train_cv_auroc,"{""0.01"": 0.6755, ""0.1"": 0.6915, ""1.0"": 0.6907, ""10.0"": 0.6869}"
qwen2.5-1.5b-instruct__C2,qwen2.5-1.5b-instruct,C2,reasoning,1.54,35,10,227,75,73,0.5022026431718062,1.0,0.7113943028485757,0.5728682170542636,0.5044602698650674,0.5735757121439281,True,0.5922038980509744,True,0.0,True,1.0,train_cv_auroc,"{""0.01"": 0.6649, ""0.1"": 0.6642, ""1.0"": 0.6677, ""10.0"": 0.6657}"
qwen2.5-1.5b-instruct__C2,qwen2.5-1.5b-instruct,C2,reasoning,1.54,40,11,227,75,73,0.5022026431718062,0.9718987734823785,0.6259370314842578,0.6387596899224807,0.47132683658170915,0.5887931034482758,True,0.5922038980509744,True,0.0,False,0.01,train_cv_auroc,"{""0.01"": 0.6646, ""0.1"": 0.6543, ""1.0"": 0.6468, ""10.0"": 0.6375}"
qwen2.5-1.5b-instruct__C2,qwen2.5-1.5b-instruct,C2,reasoning,1.54,45,13,227,75,73,0.5022026431718062,1.0,0.6341829085457271,0.6131782945736434,0.5035982008995503,0.6121064467766117,True,0.5922038980509744,True,0.0,False,0.1,train_cv_auroc,"{""0.01"": 0.6876, ""0.1"": 0.6888, ""1.0"": 0.6774, ""10.0"": 0.6666}"
qwen2.5-1.5b-instruct__C2,qwen2.5-1.5b-instruct,C2,reasoning,1.54,50,14,227,75,73,0.5022026431718062,1.0,0.6746626686656672,0.6224806201550388,0.5152173913043477,0.6723013493253374,True,0.5922038980509744,True,0.0,True,0.1,train_cv_auroc,"{""0.01"": 0.7171, ""0.1"": 0.7193, ""1.0"": 0.713, ""10.0"": 0.7072}"
qwen2.5-1.5b-instruct__C2,qwen2.5-1.5b-instruct,C2,reasoning,1.54,55,15,227,75,73,0.5022026431718062,0.9773327123117529,0.6754122938530734,0.6565891472868217,0.49801349325337324,0.6411169415292354,True,0.5922038980509744,True,0.0,True,0.01,train_cv_auroc,"{""0.01"": 0.711, ""0.1"": 0.7005, ""1.0"": 0.6867, ""10.0"": 0.6786}"
qwen2.5-1.5b-instruct__C2,qwen2.5-1.5b-instruct,C2,reasoning,1.54,60,17,227,75,73,0.5022026431718062,0.9840863219996894,0.6889055472263867,0.6480620155038759,0.4758995502248875,0.5599325337331333,True,0.5922038980509744,True,0.0,True,0.01,train_cv_auroc,"{""0.01"": 0.7142, ""0.1"": 0.6893, ""1.0"": 0.683, ""10.0"": 0.6826}"
qwen2.5-1.5b-instruct__C2,qwen2.5-1.5b-instruct,C2,reasoning,1.54,65,18,227,75,73,0.5022026431718062,0.9823785126533147,0.7023988005997003,0.6899224806201549,0.5045352323838082,0.6053223388305847,True,0.5922038980509744,True,0.0,True,0.01,train_cv_auroc,"{""0.01"": 0.716, ""0.1"": 0.6845, ""1.0"": 0.6745, ""10.0"": 0.6777}"
qwen2.5-1.5b-instruct__C2,qwen2.5-1.5b-instruct,C2,reasoning,1.54,70,20,227,75,73,0.5022026431718062,0.9775655954044402,0.7316341829085458,0.6868217054263566,0.49246626686656675,0.5884932533733133,True,0.5922038980509744,True,0.0,True,0.01,train_cv_auroc,"{""0.01"": 0.7048, ""0.1"": 0.6601, ""1.0"": 0.6447, ""10.0"": 0.6445}"
qwen2.5-1.5b-instruct__C2,qwen2.5-1.5b-instruct,C2,reasoning,1.54,75,21,227,75,73,0.5022026431718062,0.9825337680484396,0.717391304347826,0.7015503875968992,0.5052098950524737,0.6030734632683658,True,0.5922038980509744,True,0.0,True,0.01,train_cv_auroc,"{""0.01"": 0.7173, ""0.1"": 0.7016, ""1.0"": 0.6935, ""10.0"": 0.6856}"
qwen2.5-1.5b-instruct__C2,qwen2.5-1.5b-instruct,C2,reasoning,1.54,80,22,227,75,73,0.5022026431718062,0.9825337680484396,0.7061469265367317,0.7085271317829457,0.4735007496251874,0.5900674662668667,True,0.5922038980509744,True,0.0,True,0.01,train_cv_auroc,"{""0.01"": 0.7252, ""0.1"": 0.7041, ""1.0"": 0.6871, ""10.0"": 0.6797}"
qwen2.5-1.5b-instruct__C2,qwen2.5-1.5b-instruct,C2,reasoning,1.54,85,24,227,75,73,0.5022026431718062,0.9868809191119392,0.719640179910045,0.7131782945736435,0.4909670164917542,0.5806596701649176,True,0.5922038980509744,True,0.0,True,0.01,train_cv_auroc,"{""0.01"": 0.7559, ""0.1"": 0.7369, ""1.0"": 0.7219, ""10.0"": 0.7131}"
qwen2.5-1.5b-instruct__C2,qwen2.5-1.5b-instruct,C2,reasoning,1.54,90,25,227,75,73,0.5022026431718062,0.9895202608290637,0.7203898050974513,0.7217054263565892,0.5170539730134933,0.5931409295352325,True,0.5922038980509744,True,0.0,True,0.01,train_cv_auroc,"{""0.01"": 0.7609, ""0.1"": 0.7414, ""1.0"": 0.7313, ""10.0"": 0.7272}"
qwen2.5-1.5b-instruct__C2,qwen2.5-1.5b-instruct,C2,reasoning,1.54,95,27,227,75,73,0.5022026431718062,0.9929358795218134,0.6956521739130435,0.7186046511627907,0.4720389805097451,0.581071964017991,True,0.5922038980509744,True,0.0,True,0.01,train_cv_auroc,"{""0.01"": 0.7668, ""0.1"": 0.7548, ""1.0"": 0.741, ""10.0"": 0.7315}"
qwen2.5-1.5b-instruct__C2,qwen2.5-1.5b-instruct,C2,reasoning,1.54,100,28,227,75,73,0.5022026431718062,0.9949541996584381,0.7211394302848576,0.7403100775193798,0.4875562218890555,0.5785232383808095,True,0.5922038980509744,True,0.0,True,0.01,train_cv_auroc,"{""0.01"": 0.7597, ""0.1"": 0.7506, ""1.0"": 0.7363, ""10.0"": 0.7279}"
qwen2.5-1.5b-instruct__C3,qwen2.5-1.5b-instruct,C3,reasoning,1.54,0,0,148,48,51,0.5,0.5,0.5,0.5,0.5,0.5,False,0.7362428842504743,False,0.0,False,0.01,train_cv_auroc,"{""0.01"": 0.5, ""0.1"": 0.5, ""1.0"": 0.5, ""10.0"": 0.5}"
qwen2.5-1.5b-instruct__C3,qwen2.5-1.5b-instruct,C3,reasoning,1.54,5,1,148,48,51,0.5,0.9698685171658145,0.7362428842504745,0.6404320987654321,0.5261859582542694,0.7019924098671727,True,0.7362428842504743,True,0.0,True,0.01,train_cv_auroc,"{""0.01"": 0.6485, ""0.1"": 0.6466, ""1.0"": 0.6356, ""10.0"": 0.6231}"
qwen2.5-1.5b-instruct__C3,qwen2.5-1.5b-instruct,C3,reasoning,1.54,10,3,148,48,51,0.5,0.9724251278305333,0.7286527514231498,0.6558641975308641,0.49781783681214425,0.653415559772296,True,0.7362428842504743,False,0.0,True,0.01,train_cv_auroc,"{""0.01"": 0.7284, ""0.1"": 0.7207, ""1.0"": 0.7111, ""10.0"": 0.6968}"
qwen2.5-1.5b-instruct__C3,qwen2.5-1.5b-instruct,C3,reasoning,1.54,15,4,148,48,51,0.5,0.9784514243973704,0.7703984819734345,0.654320987654321,0.505123339658444,0.6708728652751423,True,0.7362428842504743,True,0.0,True,0.01,train_cv_auroc,"{""0.01"": 0.744, ""0.1"": 0.7342, ""1.0"": 0.7299, ""10.0"": 0.7247}"
qwen2.5-1.5b-instruct__C3,qwen2.5-1.5b-instruct,C3,reasoning,1.54,20,6,148,48,51,0.5,0.9857560262965669,0.7817836812144212,0.6296296296296297,0.5116698292220113,0.6657495256166983,True,0.7362428842504743,True,0.0,True,0.01,train_cv_auroc,"{""0.01"": 0.7387, ""0.1"": 0.7332, ""1.0"": 0.7338, ""10.0"": 0.7291}"
qwen2.5-1.5b-instruct__C3,qwen2.5-1.5b-instruct,C3,reasoning,1.54,25,7,148,48,51,0.5,0.9819211102994887,0.7628083491461101,0.6342592592592592,0.4555977229601518,0.6018026565464897,True,0.7362428842504743,True,0.0,True,0.01,train_cv_auroc,"{""0.01"": 0.734, ""0.1"": 0.7179, ""1.0"": 0.7105, ""10.0"": 0.7019}"
qwen2.5-1.5b-instruct__C3,qwen2.5-1.5b-instruct,C3,reasoning,1.54,30,8,148,48,51,0.5,0.9864864864864866,0.7609108159392789,0.6404320987654321,0.44430740037950667,0.5954459203036054,True,0.7362428842504743,True,0.0,True,0.01,train_cv_auroc,"{""0.01"": 0.7142, ""0.1"": 0.6904, ""1.0"": 0.6779, ""10.0"": 0.6656}"
qwen2.5-1.5b-instruct__C3,qwen2.5-1.5b-instruct,C3,reasoning,1.54,35,10,148,48,51,0.5,0.9926953981008035,0.7874762808349146,0.6342592592592592,0.5425047438330171,0.7200189753320683,True,0.7362428842504743,True,0.0,True,0.01,train_cv_auroc,"{""0.01"": 0.7358, ""0.1"": 0.7128, ""1.0"": 0.7023, ""10.0"": 0.6891}"
qwen2.5-1.5b-instruct__C3,qwen2.5-1.5b-instruct,C3,reasoning,1.54,40,11,148,48,51,0.5,0.9905040175310446,0.8026565464895636,0.6419753086419753,0.49867172675521826,0.6588235294117648,True,0.7362428842504743,True,0.0,True,0.01,train_cv_auroc,"{""0.01"": 0.7274, ""0.1"": 0.7109, ""1.0"": 0.7005, ""10.0"": 0.6931}"
qwen2.5-1.5b-instruct__C3,qwen2.5-1.5b-instruct,C3,reasoning,1.54,45,13,148,48,51,0.5,0.9923301680058437,0.7817836812144212,0.6589506172839507,0.5100569259962049,0.7131878557874762,True,0.7362428842504743,True,0.0,True,0.01,train_cv_auroc,"{""0.01"": 0.7309, ""0.1"": 0.7098, ""1.0"": 0.7051, ""10.0"": 0.6943}"
qwen2.5-1.5b-instruct__C3,qwen2.5-1.5b-instruct,C3,reasoning,1.54,50,14,148,48,51,0.5,0.993791088385683,0.7855787476280836,0.7052469135802469,0.531214421252372,0.7268500948766604,True,0.7362428842504743,True,0.0,True,0.01,train_cv_auroc,"{""0.01"": 0.7335, ""0.1"": 0.7207, ""1.0"": 0.7168, ""10.0"": 0.7202}"
qwen2.5-1.5b-instruct__C3,qwen2.5-1.5b-instruct,C3,reasoning,1.54,55,15,148,48,51,0.5,0.9954346238130022,0.8159392789373814,0.736111111111111,0.5081593927893737,0.6091081593927894,True,0.7362428842504743,True,0.0,True,0.01,train_cv_auroc,"{""0.01"": 0.7369, ""0.1"": 0.7241, ""1.0"": 0.7193, ""10.0"": 0.72}"
qwen2.5-1.5b-instruct__C3,qwen2.5-1.5b-instruct,C3,reasoning,1.54,60,17,148,48,51,0.5,0.9965303140978816,0.8444022770398482,0.7052469135802469,0.4951612903225805,0.6357685009487666,True,0.7362428842504743,True,0.0,True,0.01,train_cv_auroc,"{""0.01"": 0.7227, ""0.1"": 0.7013, ""1.0"": 0.693, ""10.0"": 0.693}"
qwen2.5-1.5b-instruct__C3,qwen2.5-1.5b-instruct,C3,reasoning,1.54,65,18,148,48,51,0.5,0.9998173849525201,0.7741935483870968,0.7330246913580247,0.49193548387096764,0.6387096774193548,True,0.7362428842504743,True,0.0,True,0.01,train_cv_auroc,"{""0.01"": 0.7591, ""0.1"": 0.7443, ""1.0"": 0.7423, ""10.0"": 0.7442}"
qwen2.5-1.5b-instruct__C3,qwen2.5-1.5b-instruct,C3,reasoning,1.54,70,20,148,48,51,0.5,0.9985390796201608,0.8045540796963947,0.7592592592592593,0.5013282732447817,0.6843453510436432,True,0.7362428842504743,True,0.0,True,0.01,train_cv_auroc,"{""0.01"": 0.7357, ""0.1"": 0.7251, ""1.0"": 0.7148, ""10.0"": 0.7154}"
qwen2.5-1.5b-instruct__C3,qwen2.5-1.5b-instruct,C3,reasoning,1.54,75,21,148,48,51,0.5,0.9987216946676406,0.8462998102466793,0.6743827160493826,0.49781783681214425,0.6756166982922203,True,0.7362428842504743,True,0.0,True,0.01,train_cv_auroc,"{""0.01"": 0.764, ""0.1"": 0.7487, ""1.0"": 0.7417, ""10.0"": 0.7383}"
qwen2.5-1.5b-instruct__C3,qwen2.5-1.5b-instruct,C3,reasoning,1.54,80,22,148,48,51,0.5,0.9989043097151205,0.8425047438330171,0.6373456790123456,0.5019924098671726,0.6410815939278937,True,0.7362428842504743,True,0.0,True,0.01,train_cv_auroc,"{""0.01"": 0.7792, ""0.1"": 0.7723, ""1.0"": 0.7675, ""10.0"": 0.7659}"
qwen2.5-1.5b-instruct__C3,qwen2.5-1.5b-instruct,C3,reasoning,1.54,85,24,148,48,51,0.5,1.0,0.8368121442125237,0.6219135802469136,0.5128083491461101,0.6671726755218217,True,0.7362428842504743,True,0.0,True,0.1,train_cv_auroc,"{""0.01"": 0.7476, ""0.1"": 0.7528, ""1.0"": 0.7479, ""10.0"": 0.7402}"
qwen2.5-1.5b-instruct__C3,qwen2.5-1.5b-instruct,C3,reasoning,1.54,90,25,148,48,51,0.5,1.0,0.8387096774193549,0.5756172839506172,0.5102466793168882,0.6361480075901328,True,0.7362428842504743,True,0.0,True,0.1,train_cv_auroc,"{""0.01"": 0.7563, ""0.1"": 0.7607, ""1.0"": 0.756, ""10.0"": 0.7493}"
qwen2.5-1.5b-instruct__C3,qwen2.5-1.5b-instruct,C3,reasoning,1.54,95,27,148,48,51,0.5,0.9990869247626004,0.8614800759013282,0.6033950617283951,0.5453510436432637,0.672011385199241,True,0.7362428842504743,True,0.0,True,0.01,train_cv_auroc,"{""0.01"": 0.7369, ""0.1"": 0.7301, ""1.0"": 0.7243, ""10.0"": 0.7227}"
qwen2.5-1.5b-instruct__C3,qwen2.5-1.5b-instruct,C3,reasoning,1.54,100,28,148,48,51,0.5,0.9990869247626004,0.8387096774193548,0.6003086419753086,0.5195445920303605,0.5999051233396585,True,0.7362428842504743,True,0.0,True,0.01,train_cv_auroc,"{""0.01"": 0.7292, ""0.1"": 0.727, ""1.0"": 0.7256, ""10.0"": 0.7151}"
qwen2.5-3b-instruct__R1,qwen2.5-3b-instruct,R1,retrieval,3.09,0,0,300,100,100,0.5,0.5,0.5,0.5,0.5,0.5,False,0.9277711084433773,False,0.0,False,0.01,train_cv_auroc,"{""0.01"": 0.5, ""0.1"": 0.5, ""1.0"": 0.5, ""10.0"": 0.5}"
qwen2.5-3b-instruct__R1,qwen2.5-3b-instruct,R1,retrieval,3.09,5,2,300,100,100,0.5,0.9878666666666667,0.9043617446978791,0.8921095008051529,0.5119647859143658,0.6059423769507803,True,0.9277711084433773,False,0.0,True,0.01,train_cv_auroc,"{""0.01"": 0.8581, ""0.1"": 0.8425, ""1.0"": 0.8365, ""10.0"": 0.8333}"
qwen2.5-3b-instruct__R1,qwen2.5-3b-instruct,R1,retrieval,3.09,10,4,300,100,100,0.5,0.9836,0.8883553421368549,0.8852657004830919,0.5028011204481793,0.6226690676270509,True,0.9277711084433773,False,0.0,True,0.01,train_cv_auroc,"{""0.01"": 0.8547, ""0.1"": 0.8351, ""1.0"": 0.8279, ""10.0"": 0.8257}"
qwen2.5-3b-instruct__R1,qwen2.5-3b-instruct,R1,retrieval,3.09,15,5,300,100,100,0.5,0.9827111111111111,0.8919567827130852,0.8840579710144928,0.4815326130452181,0.6395958383353342,True,0.9277711084433773,False,0.0,True,0.01,train_cv_auroc,"{""0.01"": 0.8579, ""0.1"": 0.8355, ""1.0"": 0.8277, ""10.0"": 0.8236}"
qwen2.5-3b-instruct__R1,qwen2.5-3b-instruct,R1,retrieval,3.09,20,7,300,100,100,0.5,0.9824444444444445,0.8775510204081632,0.8639291465378423,0.511484593837535,0.638735494197679,True,0.9277711084433773,False,0.0,True,0.01,train_cv_auroc,"{""0.01"": 0.8576, ""0.1"": 0.8325, ""1.0"": 0.8245, ""10.0"": 0.818}"
qwen2.5-3b-instruct__R1,qwen2.5-3b-instruct,R1,retrieval,3.09,25,9,300,100,100,0.5,0.9855111111111111,0.9011604641856743,0.8707729468599034,0.49885954381752695,0.6601840736294518,True,0.9277711084433773,False,0.0,True,0.01,train_cv_auroc,"{""0.01"": 0.8692, ""0.1"": 0.8488, ""1.0"": 0.8395, ""10.0"": 0.8312}"
qwen2.5-3b-instruct__R1,qwen2.5-3b-instruct,R1,retrieval,3.09,30,11,300,100,100,0.5,0.9886222222222223,0.903561424569828,0.8631239935587761,0.47621048419367745,0.610484193677471,True,0.9277711084433773,False,0.0,True,0.01,train_cv_auroc,"{""0.01"": 0.8676, ""0.1"": 0.8523, ""1.0"": 0.8439, ""10.0"": 0.8374}"
qwen2.5-3b-instruct__R1,qwen2.5-3b-instruct,R1,retrieval,3.09,35,13,300,100,100,0.5,0.9838666666666667,0.8923569427771109,0.8747987117552335,0.5010404161664666,0.6309923969587835,True,0.9277711084433773,False,0.0,True,0.01,train_cv_auroc,"{""0.01"": 0.8665, ""0.1"": 0.8455, ""1.0"": 0.8387, ""10.0"": 0.8332}"
qwen2.5-3b-instruct__R1,qwen2.5-3b-instruct,R1,retrieval,3.09,40,14,300,100,100,0.5,0.9840444444444444,0.8971588635454181,0.8788244766505636,0.47496998799519813,0.6497198879551821,True,0.9277711084433773,False,0.0,True,0.01,train_cv_auroc,"{""0.01"": 0.8728, ""0.1"": 0.8519, ""1.0"": 0.844, ""10.0"": 0.8391}"
qwen2.5-3b-instruct__R1,qwen2.5-3b-instruct,R1,retrieval,3.09,45,16,300,100,100,0.5,0.9856444444444444,0.9071628651460584,0.8735909822866345,0.5077631052420968,0.6595838335334133,True,0.9277711084433773,False,0.0,True,0.01,train_cv_auroc,"{""0.01"": 0.8669, ""0.1"": 0.8476, ""1.0"": 0.8389, ""10.0"": 0.8336}"
qwen2.5-3b-instruct__R1,qwen2.5-3b-instruct,R1,retrieval,3.09,50,18,300,100,100,0.5,0.9871555555555556,0.9035614245698279,0.894927536231884,0.4944777911164467,0.663405362144858,True,0.9277711084433773,False,0.0,True,0.01,train_cv_auroc,"{""0.01"": 0.8673, ""0.1"": 0.8471, ""1.0"": 0.8403, ""10.0"": 0.8329}"
qwen2.5-3b-instruct__R1,qwen2.5-3b-instruct,R1,retrieval,3.09,55,20,300,100,100,0.5,0.9879555555555556,0.903561424569828,0.892914653784219,0.5003601440576231,0.6445178071228491,True,0.9277711084433773,False,0.0,True,0.01,train_cv_auroc,"{""0.01"": 0.8771, ""0.1"": 0.8592, ""1.0"": 0.852, ""10.0"": 0.847}"
qwen2.5-3b-instruct__R1,qwen2.5-3b-instruct,R1,retrieval,3.09,60,22,300,100,100,0.5,0.9872,0.9027611044417767,0.892512077294686,0.5184873949579832,0.6677470988395359,True,0.9277711084433773,False,0.0,True,0.01,train_cv_auroc,"{""0.01"": 0.8799, ""0.1"": 0.8664, ""1.0"": 0.8585, ""10.0"": 0.8557}"
qwen2.5-3b-instruct__R1,qwen2.5-3b-instruct,R1,retrieval,3.09,65,23,300,100,100,0.5,0.9865333333333333,0.9031612645058023,0.8989533011272142,0.47625050020008,0.5908963585434173,True,0.9277711084433773,False,0.0,True,0.01,train_cv_auroc,"{""0.01"": 0.8728, ""0.1"": 0.8588, ""1.0"": 0.8535, ""10.0"": 0.8477}"
qwen2.5-3b-instruct__R1,qwen2.5-3b-instruct,R1,retrieval,3.09,70,25,300,100,100,0.5,0.9792888888888889,0.9159663865546218,0.894122383252818,0.45326130452180874,0.5862945178071229,True,0.9277711084433773,False,0.0,True,0.01,train_cv_auroc,"{""0.01"": 0.8661, ""0.1"": 0.8439, ""1.0"": 0.8323, ""10.0"": 0.8263}"
qwen2.5-3b-instruct__R1,qwen2.5-3b-instruct,R1,retrieval,3.09,75,27,300,100,100,0.5,0.9766666666666667,0.914765906362545,0.8844605475040258,0.5024609843937574,0.6057823129251702,True,0.9277711084433773,False,0.0,True,0.01,train_cv_auroc,"{""0.01"": 0.8625, ""0.1"": 0.8373, ""1.0"": 0.8208, ""10.0"": 0.8171}"
qwen2.5-3b-instruct__R1,qwen2.5-3b-instruct,R1,retrieval,3.09,80,29,300,100,100,0.5,0.9941333333333333,0.9043617446978791,0.8832528180354267,0.5246498599439777,0.6188475390156063,True,0.9277711084433773,False,0.0,True,0.01,train_cv_auroc,"{""0.01"": 0.8804, ""0.1"": 0.8617, ""1.0"": 0.8519, ""10.0"": 0.8539}"
qwen2.5-3b-instruct__R1,qwen2.5-3b-instruct,R1,retrieval,3.09,85,31,300,100,100,0.5,0.9933777777777777,0.9111644657863145,0.889291465378422,0.5049219687875149,0.6782112845138055,True,0.9277711084433773,False,0.0,True,0.01,train_cv_auroc,"{""0.01"": 0.876, ""0.1"": 0.8575, ""1.0"": 0.8447, ""10.0"": 0.8421}"
qwen2.5-3b-instruct__R1,qwen2.5-3b-instruct,R1,retrieval,3.09,90,32,300,100,100,0.5,0.9920444444444444,0.9087635054021609,0.8840579710144928,0.5215486194477792,0.6714085634253701,True,0.9277711084433773,False,0.0,True,0.01,train_cv_auroc,"{""0.01"": 0.8809, ""0.1"": 0.8644, ""1.0"": 0.854, ""10.0"": 0.8467}"
qwen2.5-3b-instruct__R1,qwen2.5-3b-instruct,R1,retrieval,3.09,95,34,300,100,100,0.5,0.99,0.9087635054021609,0.9005636070853462,0.4962985194077631,0.5870148059223689,True,0.9277711084433773,False,0.0,True,0.01,train_cv_auroc,"{""0.01"": 0.8805, ""0.1"": 0.8585, ""1.0"": 0.846, ""10.0"": 0.8403}"
qwen2.5-3b-instruct__R1,qwen2.5-3b-instruct,R1,retrieval,3.09,100,36,300,100,100,0.5,0.99,0.9043617446978791,0.8993558776167472,0.5501800720288116,0.6527210884353742,True,0.9277711084433773,False,0.0,True,0.01,train_cv_auroc,"{""0.01"": 0.8811, ""0.1"": 0.8597, ""1.0"": 0.8469, ""10.0"": 0.8425}"
qwen2.5-3b-instruct__R2,qwen2.5-3b-instruct,R2,retrieval,3.09,0,0,299,100,100,0.5016722408026756,0.5,0.5,0.5,0.5,0.5,False,0.8681472589035615,False,0.0,False,0.01,train_cv_auroc,"{""0.01"": 0.5, ""0.1"": 0.5, ""1.0"": 0.5, ""10.0"": 0.5}"
qwen2.5-3b-instruct__R2,qwen2.5-3b-instruct,R2,retrieval,3.09,5,2,299,100,100,0.5016722408026756,0.9877404921700224,0.8667466986794717,0.9045833333333334,0.5159263705482193,0.6573429371748699,True,0.8681472589035615,False,0.0,True,0.01,train_cv_auroc,"{""0.01"": 0.8383, ""0.1"": 0.8222, ""1.0"": 0.8137, ""10.0"": 0.8074}"
qwen2.5-3b-instruct__R2,qwen2.5-3b-instruct,R2,retrieval,3.09,10,4,299,100,100,0.5016722408026756,0.9846979865771812,0.8723489395758303,0.9075,0.45870348139255707,0.5691076430572228,True,0.8681472589035615,True,0.0,True,0.01,train_cv_auroc,"{""0.01"": 0.8582, ""0.1"": 0.8449, ""1.0"": 0.838, ""10.0"": 0.8341}"
qwen2.5-3b-instruct__R2,qwen2.5-3b-instruct,R2,retrieval,3.09,15,5,299,100,100,0.5016722408026756,0.9819686800894856,0.8703481392557022,0.9025,0.5010004001600641,0.6339135654261704,True,0.8681472589035615,True,0.0,True,0.01,train_cv_auroc,"{""0.01"": 0.857, ""0.1"": 0.8388, ""1.0"": 0.831, ""10.0"": 0.8271}"
qwen2.5-3b-instruct__R2,qwen2.5-3b-instruct,R2,retrieval,3.09,20,7,299,100,100,0.5016722408026756,0.9799105145413869,0.8379351740696277,0.8970833333333333,0.47757102841136456,0.5930972388955582,True,0.8681472589035615,False,0.0,True,0.01,train_cv_auroc,"{""0.01"": 0.845, ""0.1"": 0.8115, ""1.0"": 0.798, ""10.0"": 0.7923}"
qwen2.5-3b-instruct__R2,qwen2.5-3b-instruct,R2,retrieval,3.09,25,9,299,100,100,0.5016722408026756,0.9799552572706935,0.8567426970788314,0.8987499999999999,0.47919167667066825,0.5617246898759504,True,0.8681472589035615,False,0.0,True,0.01,train_cv_auroc,"{""0.01"": 0.8512, ""0.1"": 0.8226, ""1.0"": 0.8124, ""10.0"": 0.8046}"
qwen2.5-3b-instruct__R2,qwen2.5-3b-instruct,R2,retrieval,3.09,30,11,299,100,100,0.5016722408026756,0.9832662192393736,0.8423369347739096,0.905,0.4755502200880352,0.5527811124449779,True,0.8681472589035615,False,0.0,True,0.01,train_cv_auroc,"{""0.01"": 0.8457, ""0.1"": 0.8225, ""1.0"": 0.8109, ""10.0"": 0.8056}"
qwen2.5-3b-instruct__R2,qwen2.5-3b-instruct,R2,retrieval,3.09,35,13,299,100,100,0.5016722408026756,0.9842953020134229,0.8723489395758303,0.91,0.5212885154061625,0.6327931172468988,True,0.8681472589035615,True,0.0,True,0.01,train_cv_auroc,"{""0.01"": 0.8705, ""0.1"": 0.8553, ""1.0"": 0.8427, ""10.0"": 0.8342}"
qwen2.5-3b-instruct__R2,qwen2.5-3b-instruct,R2,retrieval,3.09,40,14,299,100,100,0.5016722408026756,0.9854586129753915,0.8663465386154461,0.9008333333333333,0.498579431772709,0.6125050020008003,True,0.8681472589035615,False,0.0,True,0.01,train_cv_auroc,"{""0.01"": 0.872, ""0.1"": 0.8596, ""1.0"": 0.8519, ""10.0"": 0.8483}"
qwen2.5-3b-instruct__R2,qwen2.5-3b-instruct,R2,retrieval,3.09,45,16,299,100,100,0.5016722408026756,0.9855480984340045,0.8667466986794718,0.8970833333333333,0.5203081232492998,0.617907162865146,True,0.8681472589035615,False,0.0,True,0.01,train_cv_auroc,"{""0.01"": 0.8724, ""0.1"": 0.8495, ""1.0"": 0.8429, ""10.0"": 0.8373}"
qwen2.5-3b-instruct__R2,qwen2.5-3b-instruct,R2,retrieval,3.09,50,18,299,100,100,0.5016722408026756,0.9817897091722595,0.8555422168867547,0.9095833333333334,0.49009603841536614,0.6474789915966387,True,0.8681472589035615,False,0.0,True,0.01,train_cv_auroc,"{""0.01"": 0.8663, ""0.1"": 0.8396, ""1.0"": 0.8265, ""10.0"": 0.8248}"
qwen2.5-3b-instruct__R2,qwen2.5-3b-instruct,R2,retrieval,3.09,55,20,299,100,100,0.5016722408026756,0.982102908277405,0.8511404561824729,0.9245833333333333,0.5176270508203281,0.6234893957583032,True,0.8681472589035615,False,0.0,True,0.01,train_cv_auroc,"{""0.01"": 0.8737, ""0.1"": 0.8503, ""1.0"": 0.8394, ""10.0"": 0.8366}"
qwen2.5-3b-instruct__R2,qwen2.5-3b-instruct,R2,retrieval,3.09,60,22,299,100,100,0.5016722408026756,0.9816107382550335,0.8743497398959584,0.9245833333333333,0.5079431772709084,0.6617847138855542,True,0.8681472589035615,True,0.0,True,0.01,train_cv_auroc,"{""0.01"": 0.8675, ""0.1"": 0.8501, ""1.0"": 0.8411, ""10.0"": 0.8368}"
qwen2.5-3b-instruct__R2,qwen2.5-3b-instruct,R2,retrieval,3.09,65,23,299,100,100,0.5016722408026756,0.979821029082774,0.8699479791916767,0.9370833333333333,0.5308723489395758,0.6192677070828332,True,0.8681472589035615,True,0.0,True,0.01,train_cv_auroc,"{""0.01"": 0.8613, ""0.1"": 0.8432, ""1.0"": 0.8336, ""10.0"": 0.8295}"
qwen2.5-3b-instruct__R2,qwen2.5-3b-instruct,R2,retrieval,3.09,70,25,299,100,100,0.5016722408026756,0.9745413870246085,0.860344137655062,0.93375,0.48211284513805525,0.5713885554221689,True,0.8681472589035615,False,0.0,True,0.01,train_cv_auroc,"{""0.01"": 0.8572, ""0.1"": 0.8268, ""1.0"": 0.8143, ""10.0"": 0.806}"
qwen2.5-3b-instruct__R2,qwen2.5-3b-instruct,R2,retrieval,3.09,75,27,299,100,100,0.5016722408026756,0.9785234899328858,0.8763505402160864,0.9370833333333333,0.5178671468587435,0.6225690276110445,True,0.8681472589035615,True,0.0,True,0.01,train_cv_auroc,"{""0.01"": 0.8617, ""0.1"": 0.8374, ""1.0"": 0.8215, ""10.0"": 0.8141}"
qwen2.5-3b-instruct__R2,qwen2.5-3b-instruct,R2,retrieval,3.09,80,29,299,100,100,0.5016722408026756,0.9920357941834452,0.8975590236094437,0.9454166666666667,0.5115646258503402,0.6386754701880754,True,0.8681472589035615,True,0.0,True,0.01,train_cv_auroc,"{""0.01"": 0.8808, ""0.1"": 0.8732, ""1.0"": 0.8646, ""10.0"": 0.8563}"
qwen2.5-3b-instruct__R2,qwen2.5-3b-instruct,R2,retrieval,3.09,85,31,299,100,100,0.5016722408026756,0.9915883668903803,0.8947579031612645,0.9466666666666668,0.5298719487795117,0.6465386154461784,True,0.8681472589035615,True,0.0,True,0.01,train_cv_auroc,"{""0.01"": 0.881, ""0.1"": 0.874, ""1.0"": 0.8693, ""10.0"": 0.8657}"
qwen2.5-3b-instruct__R2,qwen2.5-3b-instruct,R2,retrieval,3.09,90,32,299,100,100,0.5016722408026756,0.9920805369127517,0.9051620648259304,0.9458333333333333,0.5211684673869549,0.6119647859143658,True,0.8681472589035615,True,0.0,True,0.01,train_cv_auroc,"{""0.01"": 0.8752, ""0.1"": 0.8686, ""1.0"": 0.8609, ""10.0"": 0.856}"
qwen2.5-3b-instruct__R2,qwen2.5-3b-instruct,R2,retrieval,3.09,95,34,299,100,100,0.5016722408026756,0.996510067114094,0.8891556622649059,0.9383333333333334,0.49437775110044024,0.6179471788715487,True,0.8681472589035615,True,0.0,True,0.01,train_cv_auroc,"{""0.01"": 0.8731, ""0.1"": 0.866, ""1.0"": 0.8604, ""10.0"": 0.845}"
qwen2.5-3b-instruct__R2,qwen2.5-3b-instruct,R2,retrieval,3.09,100,36,299,100,100,0.5016722408026756,0.9967337807606262,0.8843537414965986,0.9374999999999999,0.4970788315326131,0.5805722288915567,True,0.8681472589035615,True,0.0,True,0.01,train_cv_auroc,"{""0.01"": 0.8691, ""0.1"": 0.8617, ""1.0"": 0.8566, ""10.0"": 0.8438}"
qwen2.5-3b-instruct__R3,qwen2.5-3b-instruct,R3,retrieval,3.09,0,0,300,100,100,0.5,0.5,0.5,0.5,0.5,0.5,False,0.6698717948717949,False,0.0,False,0.01,train_cv_auroc,"{""0.01"": 0.5, ""0.1"": 0.5, ""1.0"": 0.5, ""10.0"": 0.5}"
qwen2.5-3b-instruct__R3,qwen2.5-3b-instruct,R3,retrieval,3.09,5,2,300,100,100,0.5,0.9935999999999999,0.625801282051282,0.6081894821356885,0.5040264423076922,0.6495392628205129,False,0.6698717948717949,False,0.0,False,0.01,train_cv_auroc,"{""0.01"": 0.6288, ""0.1"": 0.6244, ""1.0"": 0.618, ""10.0"": 0.6151}"
qwen2.5-3b-instruct__R3,qwen2.5-3b-instruct,R3,retrieval,3.09,10,4,300,100,100,0.5,0.9875555555555556,0.6378205128205128,0.688077077478924,0.47275641025641024,0.5653245192307693,True,0.6698717948717949,False,0.0,False,0.01,train_cv_auroc,"{""0.01"": 0.6552, ""0.1"": 0.6405, ""1.0"": 0.6275, ""10.0"": 0.626}"
qwen2.5-3b-instruct__R3,qwen2.5-3b-instruct,R3,retrieval,3.09,15,5,300,100,100,0.5,0.9869333333333333,0.6538461538461539,0.6961059815335207,0.48798076923076933,0.6060096153846155,True,0.6698717948717949,False,0.0,True,0.01,train_cv_auroc,"{""0.01"": 0.6709, ""0.1"": 0.6573, ""1.0"": 0.6495, ""10.0"": 0.6475}"
qwen2.5-3b-instruct__R3,qwen2.5-3b-instruct,R3,retrieval,3.09,20,7,300,100,100,0.5,0.9777333333333332,0.6598557692307693,0.7085507828181454,0.4970152243589743,0.5807291666666667,True,0.6698717948717949,False,0.0,True,0.01,train_cv_auroc,"{""0.01"": 0.6511, ""0.1"": 0.6299, ""1.0"": 0.6188, ""10.0"": 0.6167}"
qwen2.5-3b-instruct__R3,qwen2.5-3b-instruct,R3,retrieval,3.09,25,9,300,100,100,0.5,0.9782666666666666,0.6698717948717949,0.7053392211963068,0.48886217948717936,0.5808493589743591,True,0.6698717948717949,False,0.0,True,0.01,train_cv_auroc,"{""0.01"": 0.6716, ""0.1"": 0.6544, ""1.0"": 0.6465, ""10.0"": 0.6407}"
qwen2.5-3b-instruct__R3,qwen2.5-3b-instruct,R3,retrieval,3.09,30,11,300,100,100,0.5,0.9845777777777778,0.6686698717948719,0.7137695704536332,0.489823717948718,0.5825721153846155,True,0.6698717948717949,False,0.0,True,0.01,train_cv_auroc,"{""0.01"": 0.6553, ""0.1"": 0.6487, ""1.0"": 0.6393, ""10.0"": 0.6375}"
qwen2.5-3b-instruct__R3,qwen2.5-3b-instruct,R3,retrieval,3.09,35,13,300,100,100,0.5,0.9830666666666666,0.6698717948717948,0.7049377759935768,0.4996995192307693,0.6005809294871796,True,0.6698717948717949,False,0.0,True,0.01,train_cv_auroc,"{""0.01"": 0.6935, ""0.1"": 0.6773, ""1.0"": 0.664, ""10.0"": 0.6583}"
qwen2.5-3b-instruct__R3,qwen2.5-3b-instruct,R3,retrieval,3.09,40,14,300,100,100,0.5,0.9839555555555556,0.657051282051282,0.72099558410277,0.5041266025641026,0.5668269230769232,True,0.6698717948717949,False,0.0,True,0.01,train_cv_auroc,"{""0.01"": 0.6976, ""0.1"": 0.6869, ""1.0"": 0.6822, ""10.0"": 0.6798}"
qwen2.5-3b-instruct__R3,qwen2.5-3b-instruct,R3,retrieval,3.09,45,16,300,100,100,0.5,0.9839111111111111,0.6438301282051282,0.7197912484945804,0.48527644230769235,0.5740985576923078,True,0.6698717948717949,False,0.0,False,0.01,train_cv_auroc,"{""0.01"": 0.6915, ""0.1"": 0.6805, ""1.0"": 0.6807, ""10.0"": 0.6846}"
qwen2.5-3b-instruct__R3,qwen2.5-3b-instruct,R3,retrieval,3.09,50,18,300,100,100,0.5,0.9827111111111111,0.6666666666666665,0.760337213970293,0.5020833333333334,0.5867988782051282,True,0.6698717948717949,False,0.0,True,0.01,train_cv_auroc,"{""0.01"": 0.7093, ""0.1"": 0.698, ""1.0"": 0.6987, ""10.0"": 0.6968}"
qwen2.5-3b-instruct__R3,qwen2.5-3b-instruct,R3,retrieval,3.09,55,20,300,100,100,0.5,0.9832888888888889,0.688301282051282,0.7623444399839421,0.506290064102564,0.5719551282051283,True,0.6698717948717949,True,0.0,True,0.01,train_cv_auroc,"{""0.01"": 0.7189, ""0.1"": 0.7047, ""1.0"": 0.6995, ""10.0"": 0.6935}"
qwen2.5-3b-instruct__R3,qwen2.5-3b-instruct,R3,retrieval,3.09,60,22,300,100,100,0.5,0.9801333333333334,0.703125,0.6655961461260538,0.48884214743589754,0.6064102564102565,True,0.6698717948717949,True,0.0,True,0.01,train_cv_auroc,"{""0.01"": 0.7239, ""0.1"": 0.6875, ""1.0"": 0.6743, ""10.0"": 0.6655}"
qwen2.5-3b-instruct__R3,qwen2.5-3b-instruct,R3,retrieval,3.09,65,23,300,100,100,0.5,0.9796888888888888,0.6999198717948718,0.6924929747089522,0.5067908653846154,0.622976762820513,True,0.6698717948717949,True,0.0,True,0.01,train_cv_auroc,"{""0.01"": 0.7215, ""0.1"": 0.6969, ""1.0"": 0.6873, ""10.0"": 0.6885}"
qwen2.5-3b-instruct__R3,qwen2.5-3b-instruct,R3,retrieval,3.09,70,25,300,100,100,0.5,0.9824888888888889,0.7475961538461537,0.6563629064632678,0.4724959935897436,0.5648637820512822,True,0.6698717948717949,True,0.0,True,0.01,train_cv_auroc,"{""0.01"": 0.674, ""0.1"": 0.6555, ""1.0"": 0.6527, ""10.0"": 0.6491}"
qwen2.5-3b-instruct__R3,qwen2.5-3b-instruct,R3,retrieval,3.09,75,27,300,100,100,0.5,0.9771555555555556,0.7632211538461539,0.7009233239662785,0.48756009615384616,0.572255608974359,True,0.6698717948717949,True,0.0,True,0.01,train_cv_auroc,"{""0.01"": 0.6575, ""0.1"": 0.6353, ""1.0"": 0.6307, ""10.0"": 0.6263}"
qwen2.5-3b-instruct__R3,qwen2.5-3b-instruct,R3,retrieval,3.09,80,29,300,100,100,0.5,0.9901333333333333,0.7844551282051282,0.7378562826174228,0.5015625000000001,0.6168870192307692,True,0.6698717948717949,True,0.0,True,0.01,train_cv_auroc,"{""0.01"": 0.6703, ""0.1"": 0.6496, ""1.0"": 0.6491, ""10.0"": 0.6495}"
qwen2.5-3b-instruct__R3,qwen2.5-3b-instruct,R3,retrieval,3.09,85,31,300,100,100,0.5,0.9916444444444443,0.7624198717948718,0.7290244881573665,0.5006610576923077,0.5914863782051282,True,0.6698717948717949,True,0.0,True,0.01,train_cv_auroc,"{""0.01"": 0.6681, ""0.1"": 0.6557, ""1.0"": 0.6516, ""10.0"": 0.6489}"
qwen2.5-3b-instruct__R3,qwen2.5-3b-instruct,R3,retrieval,3.09,90,32,300,100,100,0.5,0.9919111111111111,0.7568108974358974,0.72099558410277,0.4933894230769231,0.5794871794871794,True,0.6698717948717949,True,0.0,True,0.01,train_cv_auroc,"{""0.01"": 0.6825, ""0.1"": 0.6717, ""1.0"": 0.6687, ""10.0"": 0.6684}"
qwen2.5-3b-instruct__R3,qwen2.5-3b-instruct,R3,retrieval,3.09,95,34,300,100,100,0.5,0.9975555555555555,0.7552083333333334,0.7221999197109594,0.49058493589743585,0.5788261217948718,True,0.6698717948717949,True,0.0,True,0.01,train_cv_auroc,"{""0.01"": 0.6909, ""0.1"": 0.6821, ""1.0"": 0.6741, ""10.0"": 0.6759}"
qwen2.5-3b-instruct__R3,qwen2.5-3b-instruct,R3,retrieval,3.09,100,36,300,100,100,0.5,0.9976,0.7459935897435898,0.7173825772782015,0.48399439102564107,0.6044671474358975,True,0.6698717948717949,True,0.0,True,0.01,train_cv_auroc,"{""0.01"": 0.6643, ""0.1"": 0.6487, ""1.0"": 0.6459, ""10.0"": 0.6485}"
qwen2.5-3b-instruct__C1,qwen2.5-3b-instruct,C1,reasoning,3.09,0,0,300,100,100,0.5,0.5,0.5,0.5,0.5,0.5,False,0.5772946859903382,False,0.0,False,0.01,train_cv_auroc,"{""0.01"": 0.5, ""0.1"": 0.5, ""1.0"": 0.5, ""10.0"": 0.5}"
qwen2.5-3b-instruct__C1,qwen2.5-3b-instruct,C1,reasoning,3.09,5,2,300,100,100,0.5,0.9964888888888888,0.6099033816425121,0.5989583333333334,0.5071054750402577,0.5884057971014494,True,0.5772946859903382,True,0.0,False,0.01,train_cv_auroc,"{""0.01"": 0.6556, ""0.1"": 0.6376, ""1.0"": 0.6287, ""10.0"": 0.6345}"
qwen2.5-3b-instruct__C1,qwen2.5-3b-instruct,C1,reasoning,3.09,10,4,300,100,100,0.5,0.9894222222222222,0.5998389694041868,0.5833333333333334,0.5005837359098229,0.6140499194847021,False,0.5772946859903382,True,0.0,False,0.01,train_cv_auroc,"{""0.01"": 0.6841, ""0.1"": 0.6612, ""1.0"": 0.6529, ""10.0"": 0.6531}"
qwen2.5-3b-instruct__C1,qwen2.5-3b-instruct,C1,reasoning,3.09,15,5,300,100,100,0.5,0.9879555555555556,0.5837359098228663,0.5845352564102564,0.4816425120772947,0.5644122383252818,True,0.5772946859903382,True,0.0,False,0.01,train_cv_auroc,"{""0.01"": 0.6792, ""0.1"": 0.6577, ""1.0"": 0.6509, ""10.0"": 0.6497}"
qwen2.5-3b-instruct__C1,qwen2.5-3b-instruct,C1,reasoning,3.09,20,7,300,100,100,0.5,0.9866666666666667,0.5845410628019324,0.6346153846153846,0.4990338164251208,0.5819645732689211,True,0.5772946859903382,True,0.0,False,0.01,train_cv_auroc,"{""0.01"": 0.6995, ""0.1"": 0.6836, ""1.0"": 0.6757, ""10.0"": 0.6738}"
qwen2.5-3b-instruct__C1,qwen2.5-3b-instruct,C1,reasoning,3.09,25,9,300,100,100,0.5,0.9824444444444445,0.5998389694041868,0.6185897435897436,0.49188808373590975,0.5956320450885668,True,0.5772946859903382,True,0.0,False,0.01,train_cv_auroc,"{""0.01"": 0.7027, ""0.1"": 0.6821, ""1.0"": 0.6705, ""10.0"": 0.67}"
qwen2.5-3b-instruct__C1,qwen2.5-3b-instruct,C1,reasoning,3.09,30,11,300,100,100,0.5,0.9827555555555556,0.6360708534621579,0.6053685897435898,0.5119363929146539,0.5780394524959742,True,0.5772946859903382,True,0.0,False,0.01,train_cv_auroc,"{""0.01"": 0.6873, ""0.1"": 0.6632, ""1.0"": 0.6563, ""10.0"": 0.6585}"
qwen2.5-3b-instruct__C1,qwen2.5-3b-instruct,C1,reasoning,3.09,35,13,300,100,100,0.5,0.9738666666666667,0.5881642512077295,0.6053685897435896,0.4961151368760065,0.5791062801932367,True,0.5772946859903382,True,0.0,False,0.01,train_cv_auroc,"{""0.01"": 0.6645, ""0.1"": 0.638, ""1.0"": 0.6276, ""10.0"": 0.6197}"
qwen2.5-3b-instruct__C1,qwen2.5-3b-instruct,C1,reasoning,3.09,40,14,300,100,100,0.5,0.9748888888888888,0.572463768115942,0.609775641025641,0.4905998389694043,0.6032004830917874,False,0.5772946859903382,False,0.0,False,0.01,train_cv_auroc,"{""0.01"": 0.6616, ""0.1"": 0.6353, ""1.0"": 0.6232, ""10.0"": 0.6142}"
qwen2.5-3b-instruct__C1,qwen2.5-3b-instruct,C1,reasoning,3.09,45,16,300,100,100,0.5,0.9722666666666666,0.5857487922705313,0.6270032051282051,0.4957326892109502,0.6005434782608696,False,0.5772946859903382,True,0.0,False,0.01,train_cv_auroc,"{""0.01"": 0.6517, ""0.1"": 0.6133, ""1.0"": 0.6024, ""10.0"": 0.596}"
qwen2.5-3b-instruct__C1,qwen2.5-3b-instruct,C1,reasoning,3.09,50,18,300,100,100,0.5,0.9676444444444444,0.5567632850241546,0.6334134615384616,0.501268115942029,0.5861916264090177,False,0.5772946859903382,False,0.0,False,0.01,train_cv_auroc,"{""0.01"": 0.6873, ""0.1"": 0.6541, ""1.0"": 0.6411, ""10.0"": 0.6375}"
qwen2.5-3b-instruct__C1,qwen2.5-3b-instruct,C1,reasoning,3.09,55,20,300,100,100,0.5,0.9704444444444444,0.5797101449275361,0.6506410256410255,0.48943236714975846,0.5917270531400967,False,0.5772946859903382,True,0.0,False,0.01,train_cv_auroc,"{""0.01"": 0.6948, ""0.1"": 0.6561, ""1.0"": 0.644, ""10.0"": 0.6409}"
qwen2.5-3b-instruct__C1,qwen2.5-3b-instruct,C1,reasoning,3.09,60,22,300,100,100,0.5,0.9882666666666666,0.6698872785829307,0.6318108974358975,0.49832930756843796,0.5923711755233494,True,0.5772946859903382,True,0.0,True,0.01,train_cv_auroc,"{""0.01"": 0.7095, ""0.1"": 0.6925, ""1.0"": 0.6853, ""10.0"": 0.6823}"
qwen2.5-3b-instruct__C1,qwen2.5-3b-instruct,C1,reasoning,3.09,65,23,300,100,100,0.5,0.9813333333333333,0.6755233494363929,0.626201923076923,0.5053542673107889,0.5744363929146538,True,0.5772946859903382,True,0.0,True,0.01,train_cv_auroc,"{""0.01"": 0.6973, ""0.1"": 0.6671, ""1.0"": 0.6568, ""10.0"": 0.6509}"
qwen2.5-3b-instruct__C1,qwen2.5-3b-instruct,C1,reasoning,3.09,70,25,300,100,100,0.5,0.9916444444444444,0.6400966183574879,0.6053685897435896,0.51676731078905,0.6527979066022543,False,0.5772946859903382,True,0.0,False,0.01,train_cv_auroc,"{""0.01"": 0.6893, ""0.1"": 0.6756, ""1.0"": 0.6683, ""10.0"": 0.6661}"
qwen2.5-3b-instruct__C1,qwen2.5-3b-instruct,C1,reasoning,3.09,75,27,300,100,100,0.5,0.9897777777777778,0.6622383252818035,0.6394230769230769,0.5034822866344606,0.6175724637681159,True,0.5772946859903382,True,0.0,True,0.01,train_cv_auroc,"{""0.01"": 0.7023, ""0.1"": 0.6924, ""1.0"": 0.6848, ""10.0"": 0.6858}"
qwen2.5-3b-instruct__C1,qwen2.5-3b-instruct,C1,reasoning,3.09,80,29,300,100,100,0.5,0.9938222222222223,0.6268115942028986,0.655849358974359,0.4917270531400966,0.5796698872785829,True,0.5772946859903382,True,0.0,False,0.01,train_cv_auroc,"{""0.01"": 0.686, ""0.1"": 0.6703, ""1.0"": 0.6697, ""10.0"": 0.6735}"
qwen2.5-3b-instruct__C1,qwen2.5-3b-instruct,C1,reasoning,3.09,85,31,300,100,100,0.5,0.9901777777777778,0.6119162640901772,0.6578525641025641,0.5266304347826087,0.6169685990338165,False,0.5772946859903382,True,0.0,False,0.01,train_cv_auroc,"{""0.01"": 0.6748, ""0.1"": 0.6595, ""1.0"": 0.6549, ""10.0"": 0.6518}"
qwen2.5-3b-instruct__C1,qwen2.5-3b-instruct,C1,reasoning,3.09,90,32,300,100,100,0.5,0.9925333333333333,0.5998389694041868,0.6798878205128205,0.5200281803542672,0.6320652173913044,False,0.5772946859903382,True,0.0,False,0.01,train_cv_auroc,"{""0.01"": 0.6747, ""0.1"": 0.6612, ""1.0"": 0.6539, ""10.0"": 0.6442}"
qwen2.5-3b-instruct__C1,qwen2.5-3b-instruct,C1,reasoning,3.09,95,34,300,100,100,0.5,0.999688888888889,0.5929951690821256,0.6899038461538461,0.4917270531400966,0.5837157809983897,True,0.5772946859903382,True,0.0,False,0.01,train_cv_auroc,"{""0.01"": 0.6775, ""0.1"": 0.6687, ""1.0"": 0.6633, ""10.0"": 0.6624}"
qwen2.5-3b-instruct__C1,qwen2.5-3b-instruct,C1,reasoning,3.09,100,36,300,100,100,0.5,0.9999555555555555,0.6151368760064412,0.6542467948717949,0.46890096618357485,0.5631642512077294,True,0.5772946859903382,True,0.0,False,0.01,train_cv_auroc,"{""0.01"": 0.6849, ""0.1"": 0.6688, ""1.0"": 0.6629, ""10.0"": 0.6685}"
qwen2.5-3b-instruct__C2,qwen2.5-3b-instruct,C2,reasoning,3.09,0,0,300,100,100,0.5,0.5,0.5,0.5,0.5,0.5,False,0.6618181818181819,False,0.0,False,0.01,train_cv_auroc,"{""0.01"": 0.5, ""0.1"": 0.5, ""1.0"": 0.5, ""10.0"": 0.5}"
qwen2.5-3b-instruct__C2,qwen2.5-3b-instruct,C2,reasoning,3.09,5,2,300,100,100,0.5,0.9762666666666666,0.6909090909090908,0.7403846153846154,0.4921212121212123,0.5675757575757576,True,0.6618181818181819,True,0.0,True,0.01,train_cv_auroc,"{""0.01"": 0.6204, ""0.1"": 0.5961, ""1.0"": 0.5863, ""10.0"": 0.5859}"
qwen2.5-3b-instruct__C2,qwen2.5-3b-instruct,C2,reasoning,3.09,10,4,300,100,100,0.5,0.9755111111111111,0.6961616161616162,0.7556089743589743,0.48630303030303035,0.569010101010101,True,0.6618181818181819,True,0.0,True,0.01,train_cv_auroc,"{""0.01"": 0.6363, ""0.1"": 0.5972, ""1.0"": 0.5817, ""10.0"": 0.5743}"
qwen2.5-3b-instruct__C2,qwen2.5-3b-instruct,C2,reasoning,3.09,15,5,300,100,100,0.5,0.9759555555555556,0.6804040404040405,0.7339743589743589,0.4706262626262626,0.5474949494949495,True,0.6618181818181819,True,0.0,True,0.01,train_cv_auroc,"{""0.01"": 0.6407, ""0.1"": 0.6216, ""1.0"": 0.6196, ""10.0"": 0.6157}"
qwen2.5-3b-instruct__C2,qwen2.5-3b-instruct,C2,reasoning,3.09,20,7,300,100,100,0.5,0.9688000000000001,0.6767676767676767,0.748798076923077,0.5006060606060607,0.5844848484848485,True,0.6618181818181819,True,0.0,True,0.01,train_cv_auroc,"{""0.01"": 0.6331, ""0.1"": 0.6075, ""1.0"": 0.6065, ""10.0"": 0.6039}"
qwen2.5-3b-instruct__C2,qwen2.5-3b-instruct,C2,reasoning,3.09,25,9,300,100,100,0.5,0.9746666666666666,0.694949494949495,0.7836538461538461,0.4867878787878789,0.5891111111111111,True,0.6618181818181819,True,0.0,True,0.01,train_cv_auroc,"{""0.01"": 0.6815, ""0.1"": 0.6584, ""1.0"": 0.6517, ""10.0"": 0.6445}"
qwen2.5-3b-instruct__C2,qwen2.5-3b-instruct,C2,reasoning,3.09,30,11,300,100,100,0.5,0.9735555555555555,0.6686868686868687,0.7403846153846153,0.4918585858585859,0.5926666666666668,True,0.6618181818181819,True,0.0,True,0.01,train_cv_auroc,"{""0.01"": 0.692, ""0.1"": 0.6608, ""1.0"": 0.6455, ""10.0"": 0.6387}"
qwen2.5-3b-instruct__C2,qwen2.5-3b-instruct,C2,reasoning,3.09,35,13,300,100,100,0.5,0.9726666666666668,0.7018181818181818,0.7403846153846153,0.48870707070707076,0.5627272727272727,True,0.6618181818181819,True,0.0,True,0.01,train_cv_auroc,"{""0.01"": 0.6961, ""0.1"": 0.666, ""1.0"": 0.6549, ""10.0"": 0.6511}"
qwen2.5-3b-instruct__C2,qwen2.5-3b-instruct,C2,reasoning,3.09,40,14,300,100,100,0.5,0.9690666666666665,0.6909090909090908,0.7315705128205128,0.47151515151515155,0.5606868686868688,True,0.6618181818181819,True,0.0,True,0.01,train_cv_auroc,"{""0.01"": 0.6891, ""0.1"": 0.6577, ""1.0"": 0.6447, ""10.0"": 0.6401}"
qwen2.5-3b-instruct__C2,qwen2.5-3b-instruct,C2,reasoning,3.09,45,16,300,100,100,0.5,0.9712888888888889,0.7393939393939394,0.7311698717948718,0.47393939393939394,0.5630101010101011,True,0.6618181818181819,True,0.0,True,0.01,train_cv_auroc,"{""0.01"": 0.7049, ""0.1"": 0.6688, ""1.0"": 0.6577, ""10.0"": 0.6524}"
qwen2.5-3b-instruct__C2,qwen2.5-3b-instruct,C2,reasoning,3.09,50,18,300,100,100,0.5,0.9682666666666666,0.7244444444444444,0.7536057692307692,0.504909090909091,0.6087070707070708,True,0.6618181818181819,True,0.0,True,0.01,train_cv_auroc,"{""0.01"": 0.7091, ""0.1"": 0.6889, ""1.0"": 0.6765, ""10.0"": 0.6735}"
qwen2.5-3b-instruct__C2,qwen2.5-3b-instruct,C2,reasoning,3.09,55,20,300,100,100,0.5,0.9732444444444445,0.7325252525252525,0.7540064102564101,0.5116161616161616,0.6406060606060605,True,0.6618181818181819,True,0.0,True,0.01,train_cv_auroc,"{""0.01"": 0.7129, ""0.1"": 0.7077, ""1.0"": 0.7048, ""10.0"": 0.7084}"
qwen2.5-3b-instruct__C2,qwen2.5-3b-instruct,C2,reasoning,3.09,60,22,300,100,100,0.5,0.9878666666666667,0.7539393939393939,0.7940705128205128,0.496080808080808,0.6079191919191919,True,0.6618181818181819,True,0.0,True,0.01,train_cv_auroc,"{""0.01"": 0.7444, ""0.1"": 0.7439, ""1.0"": 0.7373, ""10.0"": 0.7327}"
qwen2.5-3b-instruct__C2,qwen2.5-3b-instruct,C2,reasoning,3.09,65,23,300,100,100,0.5,0.9826666666666667,0.7624242424242423,0.798076923076923,0.5142828282828282,0.6292727272727273,True,0.6618181818181819,True,0.0,True,0.01,train_cv_auroc,"{""0.01"": 0.7415, ""0.1"": 0.7367, ""1.0"": 0.7247, ""10.0"": 0.7185}"
qwen2.5-3b-instruct__C2,qwen2.5-3b-instruct,C2,reasoning,3.09,70,25,300,100,100,0.5,0.9907555555555556,0.7878787878787877,0.8000801282051282,0.4675353535353534,0.5530505050505052,True,0.6618181818181819,True,0.0,True,0.01,train_cv_auroc,"{""0.01"": 0.756, ""0.1"": 0.7447, ""1.0"": 0.7428, ""10.0"": 0.7382}"
qwen2.5-3b-instruct__C2,qwen2.5-3b-instruct,C2,reasoning,3.09,75,27,300,100,100,0.5,0.9902222222222222,0.7907070707070707,0.8024839743589743,0.5271717171717171,0.642,True,0.6618181818181819,True,0.0,True,0.01,train_cv_auroc,"{""0.01"": 0.7532, ""0.1"": 0.7493, ""1.0"": 0.7464, ""10.0"": 0.7429}"
qwen2.5-3b-instruct__C2,qwen2.5-3b-instruct,C2,reasoning,3.09,80,29,300,100,100,0.5,0.9888,0.8016161616161617,0.8048878205128205,0.4746666666666666,0.5878989898989899,True,0.6618181818181819,True,0.0,True,0.01,train_cv_auroc,"{""0.01"": 0.7205, ""0.1"": 0.7125, ""1.0"": 0.7075, ""10.0"": 0.7025}"
qwen2.5-3b-instruct__C2,qwen2.5-3b-instruct,C2,reasoning,3.09,85,31,300,100,100,0.5,0.9858222222222222,0.795959595959596,0.7884615384615385,0.5094747474747476,0.6405252525252525,True,0.6618181818181819,True,0.0,True,0.01,train_cv_auroc,"{""0.01"": 0.7084, ""0.1"": 0.7, ""1.0"": 0.6941, ""10.0"": 0.6842}"
qwen2.5-3b-instruct__C2,qwen2.5-3b-instruct,C2,reasoning,3.09,90,32,300,100,100,0.5,0.9841333333333333,0.806060606060606,0.7856570512820512,0.4982222222222223,0.6181818181818182,True,0.6618181818181819,True,0.0,True,0.01,train_cv_auroc,"{""0.01"": 0.7079, ""0.1"": 0.6987, ""1.0"": 0.6956, ""10.0"": 0.6851}"
qwen2.5-3b-instruct__C2,qwen2.5-3b-instruct,C2,reasoning,3.09,95,34,300,100,100,0.5,0.9914222222222222,0.8416161616161617,0.7884615384615384,0.490989898989899,0.6288282828282827,True,0.6618181818181819,True,0.0,True,0.01,train_cv_auroc,"{""0.01"": 0.7077, ""0.1"": 0.6925, ""1.0"": 0.6883, ""10.0"": 0.6792}"
qwen2.5-3b-instruct__C2,qwen2.5-3b-instruct,C2,reasoning,3.09,100,36,300,100,100,0.5,0.9932888888888889,0.8529292929292929,0.8008814102564102,0.46945454545454535,0.5828080808080808,True,0.6618181818181819,True,0.0,True,0.01,train_cv_auroc,"{""0.01"": 0.7119, ""0.1"": 0.7076, ""1.0"": 0.706, ""10.0"": 0.6953}"
qwen2.5-3b-instruct__C3,qwen2.5-3b-instruct,C3,reasoning,3.09,0,0,300,100,100,0.5,0.5,0.5,0.5,0.5,0.5,False,0.7115384615384615,False,0.0,False,0.01,train_cv_auroc,"{""0.01"": 0.5, ""0.1"": 0.5, ""1.0"": 0.5, ""10.0"": 0.5}"
qwen2.5-3b-instruct__C3,qwen2.5-3b-instruct,C3,reasoning,3.09,5,2,300,100,100,0.5,0.9783555555555555,0.6891025641025642,0.7267465894997933,0.4953926282051282,0.5871594551282051,True,0.7115384615384615,False,0.0,True,0.01,train_cv_auroc,"{""0.01"": 0.6589, ""0.1"": 0.6257, ""1.0"": 0.6176, ""10.0"": 0.6008}"
qwen2.5-3b-instruct__C3,qwen2.5-3b-instruct,C3,reasoning,3.09,10,4,300,100,100,0.5,0.9809333333333332,0.7135416666666666,0.6738321620504341,0.5043068910256411,0.5882211538461539,True,0.7115384615384615,True,0.0,True,0.01,train_cv_auroc,"{""0.01"": 0.6308, ""0.1"": 0.624, ""1.0"": 0.6176, ""10.0"": 0.6125}"
qwen2.5-3b-instruct__C3,qwen2.5-3b-instruct,C3,reasoning,3.09,15,5,300,100,100,0.5,0.9816444444444444,0.7283653846153846,0.6531624638280281,0.5170873397435899,0.5845152243589743,True,0.7115384615384615,True,0.0,True,0.01,train_cv_auroc,"{""0.01"": 0.6496, ""0.1"": 0.6483, ""1.0"": 0.6375, ""10.0"": 0.633}"
qwen2.5-3b-instruct__C3,qwen2.5-3b-instruct,C3,reasoning,3.09,20,7,300,100,100,0.5,0.9769333333333333,0.6931089743589742,0.6920214964861513,0.5067708333333334,0.6447916666666667,True,0.7115384615384615,False,0.0,True,0.01,train_cv_auroc,"{""0.01"": 0.6392, ""0.1"": 0.6212, ""1.0"": 0.6148, ""10.0"": 0.6103}"
qwen2.5-3b-instruct__C3,qwen2.5-3b-instruct,C3,reasoning,3.09,25,9,300,100,100,0.5,0.9829777777777777,0.7463942307692307,0.687474162877222,0.5048677884615385,0.6150440705128205,True,0.7115384615384615,True,0.0,True,0.01,train_cv_auroc,"{""0.01"": 0.6439, ""0.1"": 0.6377, ""1.0"": 0.6363, ""10.0"": 0.6261}"
qwen2.5-3b-instruct__C3,qwen2.5-3b-instruct,C3,reasoning,3.09,30,11,300,100,100,0.5,0.9849333333333333,0.7115384615384615,0.7213724679619677,0.5242788461538462,0.6108173076923077,True,0.7115384615384615,False,0.0,True,0.01,train_cv_auroc,"{""0.01"": 0.6521, ""0.1"": 0.6415, ""1.0"": 0.636, ""10.0"": 0.6292}"
qwen2.5-3b-instruct__C3,qwen2.5-3b-instruct,C3,reasoning,3.09,35,13,300,100,100,0.5,0.9864444444444445,0.7107371794871795,0.7391484084332369,0.48912259615384623,0.5901442307692307,True,0.7115384615384615,False,0.0,True,0.01,train_cv_auroc,"{""0.01"": 0.6867, ""0.1"": 0.674, ""1.0"": 0.666, ""10.0"": 0.6655}"
qwen2.5-3b-instruct__C3,qwen2.5-3b-instruct,C3,reasoning,3.09,40,14,300,100,100,0.5,0.983688888888889,0.7159455128205128,0.7217858619264158,0.4823918269230768,0.5584535256410256,True,0.7115384615384615,True,0.0,True,0.01,train_cv_auroc,"{""0.01"": 0.6913, ""0.1"": 0.682, ""1.0"": 0.6769, ""10.0"": 0.676}"
qwen2.5-3b-instruct__C3,qwen2.5-3b-instruct,C3,reasoning,3.09,45,16,300,100,100,0.5,0.9870222222222222,0.7620192307692308,0.6978090119884249,0.5219551282051281,0.6526642628205128,True,0.7115384615384615,True,0.0,True,0.01,train_cv_auroc,"{""0.01"": 0.7207, ""0.1"": 0.7109, ""1.0"": 0.7053, ""10.0"": 0.6969}"
qwen2.5-3b-instruct__C3,qwen2.5-3b-instruct,C3,reasoning,3.09,50,18,300,100,100,0.5,0.9879111111111111,0.7644230769230769,0.6519222819346838,0.5007211538461539,0.6016426282051283,True,0.7115384615384615,True,0.0,True,0.01,train_cv_auroc,"{""0.01"": 0.7383, ""0.1"": 0.734, ""1.0"": 0.7285, ""10.0"": 0.7201}"
qwen2.5-3b-instruct__C3,qwen2.5-3b-instruct,C3,reasoning,3.09,55,20,300,100,100,0.5,0.9857333333333334,0.7528044871794872,0.632079371641174,0.5190504807692309,0.6072315705128205,True,0.7115384615384615,True,0.0,True,0.01,train_cv_auroc,"{""0.01"": 0.7377, ""0.1"": 0.7188, ""1.0"": 0.7083, ""10.0"": 0.6923}"
qwen2.5-3b-instruct__C3,qwen2.5-3b-instruct,C3,reasoning,3.09,60,22,300,100,100,0.5,0.9892000000000001,0.8185096153846153,0.6436544026457214,0.5107171474358975,0.6361378205128205,True,0.7115384615384615,True,0.0,True,0.01,train_cv_auroc,"{""0.01"": 0.7316, ""0.1"": 0.7137, ""1.0"": 0.7029, ""10.0"": 0.6907}"
qwen2.5-3b-instruct__C3,qwen2.5-3b-instruct,C3,reasoning,3.09,65,23,300,100,100,0.5,0.9879111111111112,0.8000801282051283,0.6453079785035138,0.4764222756410256,0.5713541666666666,True,0.7115384615384615,True,0.0,True,0.01,train_cv_auroc,"{""0.01"": 0.7392, ""0.1"": 0.7181, ""1.0"": 0.7049, ""10.0"": 0.6909}"
qwen2.5-3b-instruct__C3,qwen2.5-3b-instruct,C3,reasoning,3.09,70,25,300,100,100,0.5,0.9899555555555556,0.8353365384615383,0.6730053741215378,0.5037459935897436,0.5775440705128205,True,0.7115384615384615,True,0.0,True,0.01,train_cv_auroc,"{""0.01"": 0.7419, ""0.1"": 0.7244, ""1.0"": 0.7137, ""10.0"": 0.7008}"
qwen2.5-3b-instruct__C3,qwen2.5-3b-instruct,C3,reasoning,3.09,75,27,300,100,100,0.5,0.9903111111111111,0.8377403846153847,0.6911947085572551,0.48683894230769215,0.5716947115384616,True,0.7115384615384615,True,0.0,True,0.01,train_cv_auroc,"{""0.01"": 0.7419, ""0.1"": 0.7325, ""1.0"": 0.7293, ""10.0"": 0.7193}"
qwen2.5-3b-instruct__C3,qwen2.5-3b-instruct,C3,reasoning,3.09,80,29,300,100,100,0.5,0.9917777777777778,0.8253205128205129,0.6895411326994627,0.5152844551282051,0.5966746794871794,True,0.7115384615384615,True,0.0,True,0.01,train_cv_auroc,"{""0.01"": 0.7392, ""0.1"": 0.7317, ""1.0"": 0.7299, ""10.0"": 0.7177}"
qwen2.5-3b-instruct__C3,qwen2.5-3b-instruct,C3,reasoning,3.09,85,31,300,100,100,0.5,0.988488888888889,0.7932692307692307,0.7019429516329062,0.5299679487179488,0.6078725961538461,True,0.7115384615384615,True,0.0,True,0.01,train_cv_auroc,"{""0.01"": 0.7304, ""0.1"": 0.7151, ""1.0"": 0.7055, ""10.0"": 0.696}"
qwen2.5-3b-instruct__C3,qwen2.5-3b-instruct,C3,reasoning,3.09,90,32,300,100,100,0.5,0.9910222222222222,0.7712339743589745,0.6932616783794956,0.520332532051282,0.5881610576923079,True,0.7115384615384615,True,0.0,True,0.01,train_cv_auroc,"{""0.01"": 0.7455, ""0.1"": 0.7328, ""1.0"": 0.7227, ""10.0"": 0.7129}"
qwen2.5-3b-instruct__C3,qwen2.5-3b-instruct,C3,reasoning,3.09,95,34,300,100,100,0.5,0.9931111111111112,0.7740384615384616,0.6779661016949153,0.4923477564102563,0.5905048076923076,True,0.7115384615384615,True,0.0,True,0.01,train_cv_auroc,"{""0.01"": 0.7311, ""0.1"": 0.7171, ""1.0"": 0.7121, ""10.0"": 0.7023}"
qwen2.5-3b-instruct__C3,qwen2.5-3b-instruct,C3,reasoning,3.09,100,36,300,100,100,0.5,0.996,0.8052884615384616,0.6684580405126085,0.5149639423076924,0.6117387820512821,True,0.7115384615384615,True,0.0,True,0.01,train_cv_auroc,"{""0.01"": 0.7224, ""0.1"": 0.7101, ""1.0"": 0.7038, ""10.0"": 0.6983}"
qwen2.5-7b-instruct__R1,qwen2.5-7b-instruct,R1,retrieval,7.62,0,0,298,99,99,0.5,0.5,0.5,0.5,0.5,0.5,False,0.8379591836734694,False,0.0,False,0.01,train_cv_auroc,"{""0.01"": 0.5, ""0.1"": 0.5, ""1.0"": 0.5, ""10.0"": 0.5}"
qwen2.5-7b-instruct__R1,qwen2.5-7b-instruct,R1,retrieval,7.62,5,1,298,99,99,0.5,0.9905409666231251,0.7959183673469388,0.7551271534044298,0.48418367346938773,0.5983265306122448,True,0.8379591836734694,False,0.0,True,0.01,train_cv_auroc,"{""0.01"": 0.7159, ""0.1"": 0.6836, ""1.0"": 0.6745, ""10.0"": 0.669}"
qwen2.5-7b-instruct__R1,qwen2.5-7b-instruct,R1,retrieval,7.62,10,3,298,99,99,0.5,0.9963515156974911,0.8412244897959184,0.783839212469237,0.5025510204081634,0.6253877551020409,True,0.8379591836734694,True,0.0,True,0.01,train_cv_auroc,"{""0.01"": 0.7682, ""0.1"": 0.7442, ""1.0"": 0.7333, ""10.0"": 0.7328}"
qwen2.5-7b-instruct__R1,qwen2.5-7b-instruct,R1,retrieval,7.62,15,4,298,99,99,0.5,0.9967569028422143,0.8587755102040816,0.7801476620180476,0.48620408163265305,0.586387755102041,True,0.8379591836734694,True,0.0,True,0.01,train_cv_auroc,"{""0.01"": 0.7788, ""0.1"": 0.7656, ""1.0"": 0.7572, ""10.0"": 0.7627}"
qwen2.5-7b-instruct__R1,qwen2.5-7b-instruct,R1,retrieval,7.62,20,6,298,99,99,0.5,0.9959010855366875,0.8587755102040816,0.7793273174733388,0.4854081632653061,0.5435306122448981,True,0.8379591836734694,True,0.0,True,0.01,train_cv_auroc,"{""0.01"": 0.8125, ""0.1"": 0.8017, ""1.0"": 0.7973, ""10.0"": 0.7941}"
qwen2.5-7b-instruct__R1,qwen2.5-7b-instruct,R1,retrieval,7.62,25,7,298,99,99,0.5,0.9977028061799018,0.8559183673469387,0.7826086956521738,0.49163265306122444,0.6042448979591837,True,0.8379591836734694,True,0.0,True,0.01,train_cv_auroc,"{""0.01"": 0.8287, ""0.1"": 0.8205, ""1.0"": 0.8163, ""10.0"": 0.8161}"
qwen2.5-7b-instruct__R1,qwen2.5-7b-instruct,R1,retrieval,7.62,30,8,298,99,99,0.5,0.9968019458582947,0.8657142857142857,0.7793273174733388,0.49104081632653057,0.6008163265306122,True,0.8379591836734694,True,0.0,True,0.01,train_cv_auroc,"{""0.01"": 0.8503, ""0.1"": 0.8422, ""1.0"": 0.8388, ""10.0"": 0.8427}"
qwen2.5-7b-instruct__R1,qwen2.5-7b-instruct,R1,retrieval,7.62,35,10,298,99,99,0.5,0.9954956983919644,0.8787755102040816,0.7764561115668581,0.5010612244897958,0.601,True,0.8379591836734694,True,0.0,True,0.01,train_cv_auroc,"{""0.01"": 0.8511, ""0.1"": 0.8355, ""1.0"": 0.826, ""10.0"": 0.8272}"
qwen2.5-7b-instruct__R1,qwen2.5-7b-instruct,R1,retrieval,7.62,40,11,298,99,99,0.5,0.9956758704562858,0.8628571428571429,0.7752255947497949,0.5021224489795919,0.6126326530612245,True,0.8379591836734694,True,0.0,True,0.01,train_cv_auroc,"{""0.01"": 0.8443, ""0.1"": 0.825, ""1.0"": 0.8148, ""10.0"": 0.8135}"
qwen2.5-7b-instruct__R1,qwen2.5-7b-instruct,R1,retrieval,7.62,45,13,298,99,99,0.5,0.9963064726814107,0.8677551020408164,0.7949138638228056,0.49734693877551034,0.5832244897959183,True,0.8379591836734694,True,0.0,True,0.01,train_cv_auroc,"{""0.01"": 0.8355, ""0.1"": 0.8201, ""1.0"": 0.8079, ""10.0"": 0.8048}"
qwen2.5-7b-instruct__R1,qwen2.5-7b-instruct,R1,retrieval,7.62,50,14,298,99,99,0.5,0.9960362145849286,0.859591836734694,0.7990155865463495,0.4848367346938776,0.5656938775510204,True,0.8379591836734694,True,0.0,True,0.01,train_cv_auroc,"{""0.01"": 0.8386, ""0.1"": 0.8205, ""1.0"": 0.8125, ""10.0"": 0.8065}"
qwen2.5-7b-instruct__R1,qwen2.5-7b-instruct,R1,retrieval,7.62,55,15,298,99,99,0.5,0.9959010855366875,0.856734693877551,0.8047579983593109,0.5082244897959184,0.594204081632653,True,0.8379591836734694,True,0.0,True,0.01,train_cv_auroc,"{""0.01"": 0.8263, ""0.1"": 0.8098, ""1.0"": 0.7996, ""10.0"": 0.7987}"
qwen2.5-7b-instruct__R1,qwen2.5-7b-instruct,R1,retrieval,7.62,60,17,298,99,99,0.5,0.9935138056844286,0.8575510204081632,0.81214109926169,0.48604081632653057,0.5997755102040816,True,0.8379591836734694,True,0.0,True,0.01,train_cv_auroc,"{""0.01"": 0.8216, ""0.1"": 0.8016, ""1.0"": 0.7937, ""10.0"": 0.7834}"
qwen2.5-7b-instruct__R1,qwen2.5-7b-instruct,R1,retrieval,7.62,65,18,298,99,99,0.5,0.9945948380703572,0.8555102040816326,0.8055783429040198,0.4972244897959183,0.5987551020408164,True,0.8379591836734694,True,0.0,True,0.01,train_cv_auroc,"{""0.01"": 0.7971, ""0.1"": 0.7605, ""1.0"": 0.7511, ""10.0"": 0.7417}"
qwen2.5-7b-instruct__R1,qwen2.5-7b-instruct,R1,retrieval,7.62,70,20,298,99,99,0.5,0.9954056123598036,0.8220408163265306,0.8236259228876128,0.4752448979591836,0.6303877551020408,True,0.8379591836734694,False,0.0,True,0.01,train_cv_auroc,"{""0.01"": 0.8197, ""0.1"": 0.8023, ""1.0"": 0.7972, ""10.0"": 0.7871}"
qwen2.5-7b-instruct__R1,qwen2.5-7b-instruct,R1,retrieval,7.62,75,21,298,99,99,0.5,0.9931084185397054,0.8273469387755102,0.8031173092698934,0.5076938775510205,0.6379591836734695,True,0.8379591836734694,False,0.0,True,0.01,train_cv_auroc,"{""0.01"": 0.8162, ""0.1"": 0.7938, ""1.0"": 0.7897, ""10.0"": 0.7811}"
qwen2.5-7b-instruct__R1,qwen2.5-7b-instruct,R1,retrieval,7.62,80,22,298,99,99,0.5,0.9996396558713572,0.8375510204081632,0.8096800656275635,0.4939183673469388,0.6110408163265306,True,0.8379591836734694,False,0.0,True,0.01,train_cv_auroc,"{""0.01"": 0.808, ""0.1"": 0.7909, ""1.0"": 0.7827, ""10.0"": 0.7815}"
qwen2.5-7b-instruct__R1,qwen2.5-7b-instruct,R1,retrieval,7.62,85,24,298,99,99,0.5,0.9999099139678393,0.8693877551020409,0.787940935192781,0.5245714285714287,0.6511224489795919,True,0.8379591836734694,True,0.0,True,0.01,train_cv_auroc,"{""0.01"": 0.7919, ""0.1"": 0.7829, ""1.0"": 0.7769, ""10.0"": 0.7745}"
qwen2.5-7b-instruct__R1,qwen2.5-7b-instruct,R1,retrieval,7.62,90,25,298,99,99,0.5,1.0,0.856326530612245,0.7940935192780968,0.5021836734693877,0.5946938775510204,True,0.8379591836734694,True,0.0,True,0.01,train_cv_auroc,"{""0.01"": 0.7832, ""0.1"": 0.767, ""1.0"": 0.7587, ""10.0"": 0.754}"
qwen2.5-7b-instruct__R1,qwen2.5-7b-instruct,R1,retrieval,7.62,95,27,298,99,99,0.5,1.0,0.8783673469387755,0.8187038556193602,0.5255102040816326,0.6067755102040816,True,0.8379591836734694,True,0.0,True,0.01,train_cv_auroc,"{""0.01"": 0.8002, ""0.1"": 0.7855, ""1.0"": 0.7765, ""10.0"": 0.7705}"
qwen2.5-7b-instruct__R1,qwen2.5-7b-instruct,R1,retrieval,7.62,100,28,298,99,99,0.5,1.0,0.8763265306122449,0.8092698933552093,0.4866938775510204,0.6596938775510204,True,0.8379591836734694,True,0.0,True,0.01,train_cv_auroc,"{""0.01"": 0.8099, ""0.1"": 0.793, ""1.0"": 0.7849, ""10.0"": 0.779}"
qwen2.5-7b-instruct__R2,qwen2.5-7b-instruct,R2,retrieval,7.62,0,0,294,100,97,0.5,0.5,0.5,0.5,0.5,0.5,False,0.7880608974358974,False,0.0,False,0.01,train_cv_auroc,"{""0.01"": 0.5, ""0.1"": 0.5, ""1.0"": 0.5, ""10.0"": 0.5}"
qwen2.5-7b-instruct__R2,qwen2.5-7b-instruct,R2,retrieval,7.62,5,1,294,100,97,0.5,0.9918552454995604,0.6971153846153846,0.8087979094076655,0.512860576923077,0.6319310897435898,True,0.7880608974358974,False,0.0,True,0.01,train_cv_auroc,"{""0.01"": 0.7902, ""0.1"": 0.7704, ""1.0"": 0.7601, ""10.0"": 0.7519}"
qwen2.5-7b-instruct__R2,qwen2.5-7b-instruct,R2,retrieval,7.62,10,3,294,100,97,0.5,0.9962052848350225,0.7271634615384616,0.796602787456446,0.5261217948717949,0.6294471153846154,True,0.7880608974358974,False,0.0,True,0.01,train_cv_auroc,"{""0.01"": 0.7933, ""0.1"": 0.7772, ""1.0"": 0.7702, ""10.0"": 0.7699}"
qwen2.5-7b-instruct__R2,qwen2.5-7b-instruct,R2,retrieval,7.62,15,4,294,100,97,0.5,0.9959738997639873,0.7475961538461539,0.80705574912892,0.4783854166666667,0.555488782051282,True,0.7880608974358974,False,0.0,True,0.01,train_cv_auroc,"{""0.01"": 0.7949, ""0.1"": 0.7772, ""1.0"": 0.7688, ""10.0"": 0.7679}"
qwen2.5-7b-instruct__R2,qwen2.5-7b-instruct,R2,retrieval,7.62,20,6,294,100,97,0.5,0.9928733398121152,0.7672275641025641,0.8027003484320556,0.5022235576923076,0.5844751602564103,True,0.7880608974358974,False,0.0,True,0.01,train_cv_auroc,"{""0.01"": 0.8091, ""0.1"": 0.8026, ""1.0"": 0.7993, ""10.0"": 0.7993}"
qwen2.5-7b-instruct__R2,qwen2.5-7b-instruct,R2,retrieval,7.62,25,7,294,100,97,0.5,0.9956499606645379,0.7604166666666666,0.8070557491289199,0.5099759615384614,0.5846554487179487,True,0.7880608974358974,False,0.0,True,0.01,train_cv_auroc,"{""0.01"": 0.8227, ""0.1"": 0.8202, ""1.0"": 0.8181, ""10.0"": 0.812}"
qwen2.5-7b-instruct__R2,qwen2.5-7b-instruct,R2,retrieval,7.62,30,8,294,100,97,0.5,1.0,0.7552083333333333,0.7970383275261324,0.5064302884615385,0.6038661858974358,True,0.7880608974358974,False,0.0,True,0.1,train_cv_auroc,"{""0.01"": 0.819, ""0.1"": 0.8194, ""1.0"": 0.8177, ""10.0"": 0.8166}"
qwen2.5-7b-instruct__R2,qwen2.5-7b-instruct,R2,retrieval,7.62,35,10,294,100,97,0.5,0.9969919940765422,0.798076923076923,0.8144599303135889,0.5025440705128206,0.6328725961538461,True,0.7880608974358974,True,0.0,True,0.01,train_cv_auroc,"{""0.01"": 0.8215, ""0.1"": 0.814, ""1.0"": 0.8109, ""10.0"": 0.8076}"
qwen2.5-7b-instruct__R2,qwen2.5-7b-instruct,R2,retrieval,7.62,40,11,294,100,97,0.5,0.9975935952612337,0.811298076923077,0.8175087108013938,0.48796073717948724,0.5986177884615383,True,0.7880608974358974,True,0.0,True,0.01,train_cv_auroc,"{""0.01"": 0.8226, ""0.1"": 0.8222, ""1.0"": 0.8165, ""10.0"": 0.8145}"
qwen2.5-7b-instruct__R2,qwen2.5-7b-instruct,R2,retrieval,7.62,45,13,294,100,97,0.5,1.0,0.7984775641025641,0.7961672473867596,0.5125801282051282,0.5916866987179488,True,0.7880608974358974,True,0.0,True,0.1,train_cv_auroc,"{""0.01"": 0.8058, ""0.1"": 0.8059, ""1.0"": 0.8033, ""10.0"": 0.8025}"
qwen2.5-7b-instruct__R2,qwen2.5-7b-instruct,R2,retrieval,7.62,50,14,294,100,97,0.5,0.9978712573464761,0.8305288461538461,0.8266550522648084,0.49160657051282053,0.6010016025641026,True,0.7880608974358974,True,0.0,True,0.01,train_cv_auroc,"{""0.01"": 0.8042, ""0.1"": 0.7958, ""1.0"": 0.7937, ""10.0"": 0.7942}"
qwen2.5-7b-instruct__R2,qwen2.5-7b-instruct,R2,retrieval,7.62,55,15,294,100,97,0.5,0.996806886019714,0.8385416666666666,0.8218641114982579,0.4992588141025641,0.6346554487179488,True,0.7880608974358974,True,0.0,True,0.01,train_cv_auroc,"{""0.01"": 0.8024, ""0.1"": 0.7954, ""1.0"": 0.7927, ""10.0"": 0.7954}"
qwen2.5-7b-instruct__R2,qwen2.5-7b-instruct,R2,retrieval,7.62,60,17,294,100,97,0.5,0.9933823869683928,0.8337339743589743,0.8201219512195123,0.5013221153846154,0.5971554487179487,True,0.7880608974358974,True,0.0,True,0.01,train_cv_auroc,"{""0.01"": 0.8088, ""0.1"": 0.7984, ""1.0"": 0.7954, ""10.0"": 0.7953}"
qwen2.5-7b-instruct__R2,qwen2.5-7b-instruct,R2,retrieval,7.62,65,18,294,100,97,0.5,0.994770697394604,0.8377403846153846,0.8131533101045296,0.5278445512820513,0.6331730769230768,True,0.7880608974358974,True,0.0,True,0.01,train_cv_auroc,"{""0.01"": 0.8174, ""0.1"": 0.8044, ""1.0"": 0.8006, ""10.0"": 0.8024}"
qwen2.5-7b-instruct__R2,qwen2.5-7b-instruct,R2,retrieval,7.62,70,20,294,100,97,0.5,0.9916238604285252,0.8393429487179487,0.8549651567944251,0.5098157051282052,0.6605168269230769,True,0.7880608974358974,True,0.0,True,0.01,train_cv_auroc,"{""0.01"": 0.8308, ""0.1"": 0.8141, ""1.0"": 0.8059, ""10.0"": 0.8008}"
qwen2.5-7b-instruct__R2,qwen2.5-7b-instruct,R2,retrieval,7.62,75,21,294,100,97,0.5,0.9881068073487898,0.8497596153846154,0.8545296167247387,0.5133613782051282,0.5900040064102564,True,0.7880608974358974,True,0.0,True,0.01,train_cv_auroc,"{""0.01"": 0.8333, ""0.1"": 0.8299, ""1.0"": 0.8226, ""10.0"": 0.8204}"
qwen2.5-7b-instruct__R2,qwen2.5-7b-instruct,R2,retrieval,7.62,80,22,294,100,97,0.5,0.9964366699060576,0.8633814102564102,0.8336236933797909,0.512520032051282,0.678465544871795,True,0.7880608974358974,True,0.0,True,0.01,train_cv_auroc,"{""0.01"": 0.848, ""0.1"": 0.8417, ""1.0"": 0.8357, ""10.0"": 0.837}"
qwen2.5-7b-instruct__R2,qwen2.5-7b-instruct,R2,retrieval,7.62,85,24,294,100,97,0.5,1.0,0.8064903846153846,0.7761324041811847,0.48378405448717954,0.5578525641025642,True,0.7880608974358974,True,0.0,True,10.0,train_cv_auroc,"{""0.01"": 0.8215, ""0.1"": 0.8167, ""1.0"": 0.8142, ""10.0"": 0.8222}"
qwen2.5-7b-instruct__R2,qwen2.5-7b-instruct,R2,retrieval,7.62,90,25,294,100,97,0.5,0.9997686149289647,0.8249198717948718,0.8449477351916377,0.5106370192307692,0.5836538461538462,True,0.7880608974358974,True,0.0,True,0.01,train_cv_auroc,"{""0.01"": 0.8029, ""0.1"": 0.792, ""1.0"": 0.788, ""10.0"": 0.7915}"
qwen2.5-7b-instruct__R2,qwen2.5-7b-instruct,R2,retrieval,7.62,95,27,294,100,97,0.5,0.999953722985793,0.844150641025641,0.8314459930313588,0.5081931089743589,0.6016826923076923,True,0.7880608974358974,True,0.0,True,0.01,train_cv_auroc,"{""0.01"": 0.8188, ""0.1"": 0.8142, ""1.0"": 0.8074, ""10.0"": 0.8107}"
qwen2.5-7b-instruct__R2,qwen2.5-7b-instruct,R2,retrieval,7.62,100,28,294,100,97,0.5,0.999953722985793,0.844951923076923,0.8410278745644598,0.5074719551282051,0.5835136217948719,True,0.7880608974358974,True,0.0,True,0.01,train_cv_auroc,"{""0.01"": 0.8099, ""0.1"": 0.7991, ""1.0"": 0.7952, ""10.0"": 0.8008}"
qwen2.5-7b-instruct__R3,qwen2.5-7b-instruct,R3,retrieval,7.62,0,0,298,100,99,0.5,0.5,0.5,0.5,0.5,0.5,False,0.802150974025974,False,0.0,False,0.01,train_cv_auroc,"{""0.01"": 0.5, ""0.1"": 0.5, ""1.0"": 0.5, ""10.0"": 0.5}"
qwen2.5-7b-instruct__R3,qwen2.5-7b-instruct,R3,retrieval,7.62,5,1,298,100,99,0.5,0.9981532363407053,0.729301948051948,0.6444353518821604,0.5084618506493507,0.6067167207792208,True,0.802150974025974,False,0.0,True,0.01,train_cv_auroc,"{""0.01"": 0.7008, ""0.1"": 0.689, ""1.0"": 0.6834, ""10.0"": 0.6833}"
qwen2.5-7b-instruct__R3,qwen2.5-7b-instruct,R3,retrieval,7.62,10,3,298,100,99,0.5,0.9986487095175893,0.6858766233766234,0.6984451718494272,0.4983766233766233,0.6142451298701298,True,0.802150974025974,False,0.0,True,0.01,train_cv_auroc,"{""0.01"": 0.6987, ""0.1"": 0.6855, ""1.0"": 0.6795, ""10.0"": 0.6746}"
qwen2.5-7b-instruct__R3,qwen2.5-7b-instruct,R3,retrieval,7.62,15,4,298,100,99,0.5,0.998603666501509,0.6992694805194806,0.7303600654664484,0.5157467532467532,0.6103693181818182,True,0.802150974025974,False,0.0,True,0.01,train_cv_auroc,"{""0.01"": 0.672, ""0.1"": 0.6592, ""1.0"": 0.6488, ""10.0"": 0.6495}"
qwen2.5-7b-instruct__R3,qwen2.5-7b-instruct,R3,retrieval,7.62,20,6,298,100,99,0.5,0.9978829782442233,0.7199675324675325,0.7757774140752864,0.5382102272727274,0.6458400974025974,True,0.802150974025974,False,0.0,True,0.01,train_cv_auroc,"{""0.01"": 0.6483, ""0.1"": 0.6383, ""1.0"": 0.631, ""10.0"": 0.6247}"
qwen2.5-7b-instruct__R3,qwen2.5-7b-instruct,R3,retrieval,7.62,25,7,298,100,99,0.5,0.9977478491959821,0.7913961038961038,0.7557283142389526,0.5045657467532466,0.5707386363636364,True,0.802150974025974,False,0.0,True,0.01,train_cv_auroc,"{""0.01"": 0.6394, ""0.1"": 0.628, ""1.0"": 0.6183, ""10.0"": 0.613}"
qwen2.5-7b-instruct__R3,qwen2.5-7b-instruct,R3,retrieval,7.62,30,8,298,100,99,0.5,0.9983334084050268,0.791801948051948,0.763911620294599,0.5008116883116883,0.6093952922077922,True,0.802150974025974,False,0.0,True,0.01,train_cv_auroc,"{""0.01"": 0.6222, ""0.1"": 0.6069, ""1.0"": 0.5972, ""10.0"": 0.5925}"
qwen2.5-7b-instruct__R3,qwen2.5-7b-instruct,R3,retrieval,7.62,35,10,298,100,99,0.5,1.0,0.7378246753246753,0.7262684124386252,0.522747564935065,0.621976461038961,True,0.802150974025974,False,0.0,True,0.1,train_cv_auroc,"{""0.01"": 0.6514, ""0.1"": 0.6517, ""1.0"": 0.6499, ""10.0"": 0.6396}"
qwen2.5-7b-instruct__R3,qwen2.5-7b-instruct,R3,retrieval,7.62,40,11,298,100,99,0.5,0.9976577631638215,0.7374188311688312,0.7299509001636661,0.4913555194805195,0.592755681818182,True,0.802150974025974,False,0.0,True,0.01,train_cv_auroc,"{""0.01"": 0.6803, ""0.1"": 0.6795, ""1.0"": 0.6772, ""10.0"": 0.6715}"
qwen2.5-7b-instruct__R3,qwen2.5-7b-instruct,R3,retrieval,7.62,45,13,298,100,99,0.5,1.0,0.7443181818181819,0.7078559738134207,0.5044439935064935,0.6051745129870131,True,0.802150974025974,False,0.0,True,0.1,train_cv_auroc,"{""0.01"": 0.6756, ""0.1"": 0.6773, ""1.0"": 0.6759, ""10.0"": 0.666}"
qwen2.5-7b-instruct__R3,qwen2.5-7b-instruct,R3,retrieval,7.62,50,14,298,100,99,0.5,0.9979280212603034,0.7402597402597403,0.7119476268412439,0.49194399350649354,0.6169642857142857,True,0.802150974025974,False,0.0,True,0.01,train_cv_auroc,"{""0.01"": 0.7106, ""0.1"": 0.7106, ""1.0"": 0.7057, ""10.0"": 0.6972}"
qwen2.5-7b-instruct__R3,qwen2.5-7b-instruct,R3,retrieval,7.62,55,15,298,100,99,0.5,0.9961263006170893,0.768262987012987,0.67430441898527,0.4999391233766234,0.6009740259740259,True,0.802150974025974,False,0.0,True,0.01,train_cv_auroc,"{""0.01"": 0.72, ""0.1"": 0.7129, ""1.0"": 0.7004, ""10.0"": 0.6992}"
qwen2.5-7b-instruct__R3,qwen2.5-7b-instruct,R3,retrieval,7.62,60,17,298,100,99,0.5,0.9951803972794019,0.7970779220779222,0.7405891980360066,0.4966720779220779,0.5896509740259741,True,0.802150974025974,False,0.0,True,0.01,train_cv_auroc,"{""0.01"": 0.7347, ""0.1"": 0.7174, ""1.0"": 0.7108, ""10.0"": 0.7051}"
qwen2.5-7b-instruct__R3,qwen2.5-7b-instruct,R3,retrieval,7.62,65,18,298,100,99,0.5,0.99621638664925,0.7650162337662338,0.7090834697217677,0.4929383116883118,0.565706168831169,True,0.802150974025974,False,0.0,True,0.01,train_cv_auroc,"{""0.01"": 0.728, ""0.1"": 0.7052, ""1.0"": 0.6944, ""10.0"": 0.6946}"
qwen2.5-7b-instruct__R3,qwen2.5-7b-instruct,R3,retrieval,7.62,70,20,298,100,99,0.5,0.9980181072924643,0.7759740259740259,0.7459083469721768,0.4995941558441558,0.5937094155844156,True,0.802150974025974,False,0.0,True,0.01,train_cv_auroc,"{""0.01"": 0.7631, ""0.1"": 0.7474, ""1.0"": 0.7402, ""10.0"": 0.7359}"
qwen2.5-7b-instruct__R3,qwen2.5-7b-instruct,R3,retrieval,7.62,75,21,298,100,99,0.5,0.9969370749065358,0.8141233766233766,0.779050736497545,0.5319602272727273,0.6485795454545455,True,0.802150974025974,True,0.0,True,0.01,train_cv_auroc,"{""0.01"": 0.7655, ""0.1"": 0.7531, ""1.0"": 0.7377, ""10.0"": 0.7328}"
qwen2.5-7b-instruct__R3,qwen2.5-7b-instruct,R3,retrieval,7.62,80,22,298,100,99,0.5,0.9989640106301518,0.8534902597402597,0.7765957446808511,0.4966112012987013,0.6163149350649352,True,0.802150974025974,True,0.0,True,0.01,train_cv_auroc,"{""0.01"": 0.7729, ""0.1"": 0.7647, ""1.0"": 0.7605, ""10.0"": 0.7559}"
qwen2.5-7b-instruct__R3,qwen2.5-7b-instruct,R3,retrieval,7.62,85,24,298,100,99,0.5,0.9992793117427143,0.8372564935064936,0.7565466448445172,0.4885754870129871,0.5659699675324675,True,0.802150974025974,True,0.0,True,0.01,train_cv_auroc,"{""0.01"": 0.7344, ""0.1"": 0.7231, ""1.0"": 0.7195, ""10.0"": 0.7128}"
qwen2.5-7b-instruct__R3,qwen2.5-7b-instruct,R3,retrieval,7.62,90,25,298,100,99,0.5,0.9986487095175892,0.8433441558441559,0.7405891980360065,0.4918831168831169,0.6061891233766233,True,0.802150974025974,True,0.0,True,0.01,train_cv_auroc,"{""0.01"": 0.7394, ""0.1"": 0.7262, ""1.0"": 0.7167, ""10.0"": 0.7045}"
qwen2.5-7b-instruct__R3,qwen2.5-7b-instruct,R3,retrieval,7.62,95,27,298,100,99,0.5,0.9977928922120625,0.8262987012987013,0.7704582651391162,0.4943181818181818,0.6036323051948054,True,0.802150974025974,True,0.0,True,0.01,train_cv_auroc,"{""0.01"": 0.739, ""0.1"": 0.7214, ""1.0"": 0.7119, ""10.0"": 0.7039}"
qwen2.5-7b-instruct__R3,qwen2.5-7b-instruct,R3,retrieval,7.62,100,28,298,100,99,0.5,0.9976577631638214,0.8234577922077921,0.7774140752864157,0.48474025974025975,0.6046266233766234,True,0.802150974025974,True,0.0,True,0.01,train_cv_auroc,"{""0.01"": 0.7158, ""0.1"": 0.6969, ""1.0"": 0.6826, ""10.0"": 0.6771}"
qwen2.5-7b-instruct__C1,qwen2.5-7b-instruct,C1,reasoning,7.62,0,0,300,100,100,0.5,0.5,0.5,0.5,0.5,0.5,False,0.6274038461538461,False,0.0,False,0.01,train_cv_auroc,"{""0.01"": 0.5, ""0.1"": 0.5, ""1.0"": 0.5, ""10.0"": 0.5}"
qwen2.5-7b-instruct__C1,qwen2.5-7b-instruct,C1,reasoning,7.62,5,1,300,100,100,0.5,0.9988888888888888,0.6963141025641025,0.6530612244897959,0.5249399038461539,0.6090544871794872,True,0.6274038461538461,True,0.0,True,0.01,train_cv_auroc,"{""0.01"": 0.6407, ""0.1"": 0.6224, ""1.0"": 0.6179, ""10.0"": 0.6222}"
qwen2.5-7b-instruct__C1,qwen2.5-7b-instruct,C1,reasoning,7.62,10,3,300,100,100,0.5,1.0,0.6129807692307692,0.7639055622248898,0.4922075320512821,0.5763020833333333,True,0.6274038461538461,False,0.0,False,0.01,train_cv_auroc,"{""0.01"": 0.6371, ""0.1"": 0.6327, ""1.0"": 0.6299, ""10.0"": 0.6296}"
qwen2.5-7b-instruct__C1,qwen2.5-7b-instruct,C1,reasoning,7.62,15,4,300,100,100,0.5,1.0,0.6314102564102564,0.7523009203681472,0.49344951923076924,0.5722956730769232,True,0.6274038461538461,True,0.0,False,0.01,train_cv_auroc,"{""0.01"": 0.6112, ""0.1"": 0.6029, ""1.0"": 0.5995, ""10.0"": 0.5937}"
qwen2.5-7b-instruct__C1,qwen2.5-7b-instruct,C1,reasoning,7.62,20,6,300,100,100,0.5,0.9996444444444444,0.6578525641025641,0.7394957983193277,0.5204326923076923,0.57890625,True,0.6274038461538461,True,0.0,True,0.01,train_cv_auroc,"{""0.01"": 0.6207, ""0.1"": 0.6155, ""1.0"": 0.6076, ""10.0"": 0.6097}"
qwen2.5-7b-instruct__C1,qwen2.5-7b-instruct,C1,reasoning,7.62,25,7,300,100,100,0.5,0.9996444444444444,0.6318108974358974,0.7707082833133253,0.5039663461538461,0.5819310897435898,True,0.6274038461538461,True,0.0,False,0.01,train_cv_auroc,"{""0.01"": 0.6141, ""0.1"": 0.6017, ""1.0"": 0.5953, ""10.0"": 0.5857}"
qwen2.5-7b-instruct__C1,qwen2.5-7b-instruct,C1,reasoning,7.62,30,8,300,100,100,0.5,1.0,0.6434294871794871,0.7811124449779911,0.5345953525641025,0.6294671474358976,True,0.6274038461538461,True,0.0,False,0.01,train_cv_auroc,"{""0.01"": 0.6127, ""0.1"": 0.6044, ""1.0"": 0.5993, ""10.0"": 0.6005}"
qwen2.5-7b-instruct__C1,qwen2.5-7b-instruct,C1,reasoning,7.62,35,10,300,100,100,0.5,0.9995555555555555,0.6482371794871795,0.7575030012004802,0.4962339743589744,0.5936698717948719,True,0.6274038461538461,True,0.0,False,0.01,train_cv_auroc,"{""0.01"": 0.6503, ""0.1"": 0.6435, ""1.0"": 0.6412, ""10.0"": 0.6357}"
qwen2.5-7b-instruct__C1,qwen2.5-7b-instruct,C1,reasoning,7.62,40,11,300,100,100,0.5,0.9999111111111111,0.6594551282051282,0.7755102040816326,0.5128205128205128,0.593669871794872,True,0.6274038461538461,True,0.0,True,0.01,train_cv_auroc,"{""0.01"": 0.6725, ""0.1"": 0.6648, ""1.0"": 0.6639, ""10.0"": 0.6597}"
qwen2.5-7b-instruct__C1,qwen2.5-7b-instruct,C1,reasoning,7.62,45,13,300,100,100,0.5,1.0,0.6618589743589742,0.7719087635054022,0.49164663461538466,0.5559895833333334,True,0.6274038461538461,True,0.0,True,0.01,train_cv_auroc,"{""0.01"": 0.6893, ""0.1"": 0.6801, ""1.0"": 0.6761, ""10.0"": 0.6764}"
qwen2.5-7b-instruct__C1,qwen2.5-7b-instruct,C1,reasoning,7.62,50,14,300,100,100,0.5,0.9999111111111111,0.6374198717948718,0.7947178871548619,0.5130008012820513,0.6307692307692309,True,0.6274038461538461,True,0.0,False,0.01,train_cv_auroc,"{""0.01"": 0.6768, ""0.1"": 0.6632, ""1.0"": 0.66, ""10.0"": 0.6555}"
qwen2.5-7b-instruct__C1,qwen2.5-7b-instruct,C1,reasoning,7.62,55,15,300,100,100,0.5,0.9998222222222222,0.6542467948717949,0.7883153261304521,0.5049078525641024,0.6155248397435896,True,0.6274038461538461,True,0.0,True,0.01,train_cv_auroc,"{""0.01"": 0.6953, ""0.1"": 0.6813, ""1.0"": 0.6774, ""10.0"": 0.6795}"
qwen2.5-7b-instruct__C1,qwen2.5-7b-instruct,C1,reasoning,7.62,60,17,300,100,100,0.5,0.9993777777777778,0.718349358974359,0.8419367747098839,0.5215144230769231,0.5986778846153847,True,0.6274038461538461,True,0.0,True,0.01,train_cv_auroc,"{""0.01"": 0.7007, ""0.1"": 0.674, ""1.0"": 0.6652, ""10.0"": 0.6608}"
qwen2.5-7b-instruct__C1,qwen2.5-7b-instruct,C1,reasoning,7.62,65,18,300,100,100,0.5,0.9994666666666666,0.7011217948717948,0.8219287715086033,0.511338141025641,0.5826522435897437,True,0.6274038461538461,True,0.0,True,0.01,train_cv_auroc,"{""0.01"": 0.7268, ""0.1"": 0.7087, ""1.0"": 0.7027, ""10.0"": 0.7005}"
qwen2.5-7b-instruct__C1,qwen2.5-7b-instruct,C1,reasoning,7.62,70,20,300,100,100,0.5,1.0,0.6854967948717948,0.7482993197278911,0.507051282051282,0.6412660256410256,True,0.6274038461538461,True,0.0,True,0.01,train_cv_auroc,"{""0.01"": 0.7243, ""0.1"": 0.7159, ""1.0"": 0.7135, ""10.0"": 0.707}"
qwen2.5-7b-instruct__C1,qwen2.5-7b-instruct,C1,reasoning,7.62,75,21,300,100,100,0.5,1.0,0.6682692307692308,0.7354941976790716,0.5140024038461537,0.6045072115384617,True,0.6274038461538461,True,0.0,True,0.01,train_cv_auroc,"{""0.01"": 0.7151, ""0.1"": 0.7069, ""1.0"": 0.7065, ""10.0"": 0.6986}"
qwen2.5-7b-instruct__C1,qwen2.5-7b-instruct,C1,reasoning,7.62,80,22,300,100,100,0.5,1.0,0.6654647435897436,0.7723089235694277,0.49571314102564107,0.6399439102564102,True,0.6274038461538461,True,0.0,True,0.01,train_cv_auroc,"{""0.01"": 0.7061, ""0.1"": 0.6981, ""1.0"": 0.6949, ""10.0"": 0.6925}"
qwen2.5-7b-instruct__C1,qwen2.5-7b-instruct,C1,reasoning,7.62,85,24,300,100,100,0.5,1.0,0.6919070512820513,0.7458983593437375,0.494551282051282,0.6208733974358974,True,0.6274038461538461,True,0.0,True,0.01,train_cv_auroc,"{""0.01"": 0.7315, ""0.1"": 0.7285, ""1.0"": 0.7255, ""10.0"": 0.727}"
qwen2.5-7b-instruct__C1,qwen2.5-7b-instruct,C1,reasoning,7.62,90,25,300,100,100,0.5,1.0,0.7183493589743589,0.7226890756302521,0.5184695512820514,0.5990384615384615,True,0.6274038461538461,True,0.0,True,0.01,train_cv_auroc,"{""0.01"": 0.7133, ""0.1"": 0.7048, ""1.0"": 0.6999, ""10.0"": 0.7019}"
qwen2.5-7b-instruct__C1,qwen2.5-7b-instruct,C1,reasoning,7.62,95,27,300,100,100,0.5,1.0,0.6891025641025641,0.6926770708283313,0.5023637820512821,0.5560296474358974,True,0.6274038461538461,True,0.0,True,0.01,train_cv_auroc,"{""0.01"": 0.7044, ""0.1"": 0.7032, ""1.0"": 0.704, ""10.0"": 0.7001}"
qwen2.5-7b-instruct__C1,qwen2.5-7b-instruct,C1,reasoning,7.62,100,28,300,100,100,0.5,1.0,0.6578525641025641,0.6938775510204082,0.49541266025641023,0.5600961538461539,True,0.6274038461538461,True,0.0,True,0.01,train_cv_auroc,"{""0.01"": 0.674, ""0.1"": 0.6692, ""1.0"": 0.6691, ""10.0"": 0.6709}"
qwen2.5-7b-instruct__C2,qwen2.5-7b-instruct,C2,reasoning,7.62,0,0,300,100,100,0.5366666666666666,0.5,0.5,0.5,0.5,0.5,False,0.7155555555555555,False,0.0,False,0.01,train_cv_auroc,"{""0.01"": 0.5, ""0.1"": 0.5, ""1.0"": 0.5, ""10.0"": 0.5}"
qwen2.5-7b-instruct__C2,qwen2.5-7b-instruct,C2,reasoning,7.62,5,1,300,100,100,0.5366666666666666,1.0,0.6442424242424243,0.7699490662139219,0.4762626262626263,0.5595353535353537,True,0.7155555555555555,False,0.0,False,1.0,train_cv_auroc,"{""0.01"": 0.6189, ""0.1"": 0.6404, ""1.0"": 0.6461, ""10.0"": 0.6459}"
qwen2.5-7b-instruct__C2,qwen2.5-7b-instruct,C2,reasoning,7.62,10,3,300,100,100,0.5366666666666666,1.0,0.6488888888888888,0.7729202037351445,0.5065050505050505,0.6137979797979798,True,0.7155555555555555,False,0.0,False,1.0,train_cv_auroc,"{""0.01"": 0.6331, ""0.1"": 0.6364, ""1.0"": 0.638, ""10.0"": 0.6201}"
qwen2.5-7b-instruct__C2,qwen2.5-7b-instruct,C2,reasoning,7.62,15,4,300,100,100,0.5366666666666666,1.0,0.6533333333333333,0.7533955857385399,0.5175151515151516,0.6008686868686869,True,0.7155555555555555,False,0.0,True,1.0,train_cv_auroc,"{""0.01"": 0.6347, ""0.1"": 0.641, ""1.0"": 0.6428, ""10.0"": 0.6281}"
qwen2.5-7b-instruct__C2,qwen2.5-7b-instruct,C2,reasoning,7.62,20,6,300,100,100,0.5366666666666666,1.0,0.6496969696969698,0.7584889643463497,0.5305858585858586,0.6016363636363636,True,0.7155555555555555,False,0.0,False,1.0,train_cv_auroc,"{""0.01"": 0.6657, ""0.1"": 0.6629, ""1.0"": 0.6689, ""10.0"": 0.6675}"
qwen2.5-7b-instruct__C2,qwen2.5-7b-instruct,C2,reasoning,7.62,25,7,300,100,100,0.5366666666666666,1.0,0.654949494949495,0.7419354838709677,0.5007575757575757,0.563878787878788,True,0.7155555555555555,False,0.0,True,1.0,train_cv_auroc,"{""0.01"": 0.6596, ""0.1"": 0.6603, ""1.0"": 0.669, ""10.0"": 0.6688}"
qwen2.5-7b-instruct__C2,qwen2.5-7b-instruct,C2,reasoning,7.62,30,8,300,100,100,0.5366666666666666,0.9971848608070066,0.642020202020202,0.7546689303904923,0.5023434343434344,0.5744646464646466,True,0.7155555555555555,False,0.0,False,0.01,train_cv_auroc,"{""0.01"": 0.6441, ""0.1"": 0.6379, ""1.0"": 0.6355, ""10.0"": 0.6243}"
qwen2.5-7b-instruct__C2,qwen2.5-7b-instruct,C2,reasoning,7.62,35,10,300,100,100,0.5366666666666666,0.9958443183341525,0.6468686868686868,0.7758913412563668,0.4738383838383838,0.546969696969697,True,0.7155555555555555,False,0.0,False,0.01,train_cv_auroc,"{""0.01"": 0.6601, ""0.1"": 0.6513, ""1.0"": 0.6474, ""10.0"": 0.6444}"
qwen2.5-7b-instruct__C2,qwen2.5-7b-instruct,C2,reasoning,7.62,40,11,300,100,100,0.5366666666666666,0.9959336878323428,0.6723232323232323,0.7707979626485569,0.5010303030303029,0.6172323232323232,True,0.7155555555555555,False,0.0,True,0.01,train_cv_auroc,"{""0.01"": 0.6467, ""0.1"": 0.6383, ""1.0"": 0.6366, ""10.0"": 0.6305}"
qwen2.5-7b-instruct__C2,qwen2.5-7b-instruct,C2,reasoning,7.62,45,13,300,100,100,0.5366666666666666,0.9960677420796282,0.6824242424242424,0.7865025466893039,0.49929292929292934,0.6537575757575758,True,0.7155555555555555,False,0.0,True,0.01,train_cv_auroc,"{""0.01"": 0.6484, ""0.1"": 0.6327, ""1.0"": 0.6256, ""10.0"": 0.6177}"
qwen2.5-7b-instruct__C2,qwen2.5-7b-instruct,C2,reasoning,7.62,50,14,300,100,100,0.5366666666666666,0.9972295455561018,0.7066666666666667,0.7767402376910018,0.5012727272727273,0.6234747474747474,True,0.7155555555555555,False,0.0,True,0.01,train_cv_auroc,"{""0.01"": 0.6544, ""0.1"": 0.6393, ""1.0"": 0.6308, ""10.0"": 0.6273}"
qwen2.5-7b-instruct__C2,qwen2.5-7b-instruct,C2,reasoning,7.62,55,15,300,100,100,0.5366666666666666,0.9958890030832477,0.7438383838383837,0.8106960950764007,0.515050505050505,0.6100000000000001,True,0.7155555555555555,True,0.0,True,0.01,train_cv_auroc,"{""0.01"": 0.6625, ""0.1"": 0.6469, ""1.0"": 0.6375, ""10.0"": 0.6319}"
qwen2.5-7b-instruct__C2,qwen2.5-7b-instruct,C2,reasoning,7.62,60,17,300,100,100,0.5366666666666666,0.9985254032798606,0.7668686868686869,0.8230050933786078,0.4974141414141413,0.602929292929293,True,0.7155555555555555,True,0.0,True,0.01,train_cv_auroc,"{""0.01"": 0.7326, ""0.1"": 0.7177, ""1.0"": 0.7095, ""10.0"": 0.6943}"
qwen2.5-7b-instruct__C2,qwen2.5-7b-instruct,C2,reasoning,7.62,65,18,300,100,100,0.5366666666666666,0.9998212610036195,0.7559595959595959,0.8280984719864176,0.5211313131313131,0.6092929292929293,True,0.7155555555555555,True,0.0,True,0.01,train_cv_auroc,"{""0.01"": 0.7274, ""0.1"": 0.7091, ""1.0"": 0.6982, ""10.0"": 0.6883}"
qwen2.5-7b-instruct__C2,qwen2.5-7b-instruct,C2,reasoning,7.62,70,20,300,100,100,0.5366666666666666,1.0,0.7482828282828282,0.8128183361629882,0.4828484848484848,0.5532929292929293,True,0.7155555555555555,True,0.0,True,0.01,train_cv_auroc,"{""0.01"": 0.8069, ""0.1"": 0.8034, ""1.0"": 0.7956, ""10.0"": 0.7804}"
qwen2.5-7b-instruct__C2,qwen2.5-7b-instruct,C2,reasoning,7.62,75,21,300,100,100,0.5366666666666666,1.0,0.7426262626262626,0.798811544991511,0.5018181818181817,0.617090909090909,True,0.7155555555555555,True,0.0,True,0.01,train_cv_auroc,"{""0.01"": 0.8139, ""0.1"": 0.812, ""1.0"": 0.8044, ""10.0"": 0.7935}"
qwen2.5-7b-instruct__C2,qwen2.5-7b-instruct,C2,reasoning,7.62,80,22,300,100,100,0.5366666666666666,0.9999553152509049,0.7466666666666667,0.7852292020373515,0.47591919191919185,0.6037979797979798,True,0.7155555555555555,True,0.0,True,0.01,train_cv_auroc,"{""0.01"": 0.8087, ""0.1"": 0.801, ""1.0"": 0.7927, ""10.0"": 0.7869}"
qwen2.5-7b-instruct__C2,qwen2.5-7b-instruct,C2,reasoning,7.62,85,24,300,100,100,0.5366666666666666,0.9999553152509049,0.7547474747474747,0.7606112054329371,0.5217373737373736,0.635070707070707,True,0.7155555555555555,True,0.0,True,0.01,train_cv_auroc,"{""0.01"": 0.8107, ""0.1"": 0.8054, ""1.0"": 0.7965, ""10.0"": 0.7964}"
qwen2.5-7b-instruct__C2,qwen2.5-7b-instruct,C2,reasoning,7.62,90,25,300,100,100,0.5366666666666666,1.0,0.7527272727272727,0.769100169779287,0.4992525252525253,0.5963434343434343,True,0.7155555555555555,True,0.0,True,0.01,train_cv_auroc,"{""0.01"": 0.8075, ""0.1"": 0.7998, ""1.0"": 0.7932, ""10.0"": 0.7855}"
qwen2.5-7b-instruct__C2,qwen2.5-7b-instruct,C2,reasoning,7.62,95,27,300,100,100,0.5366666666666666,1.0,0.7337373737373737,0.7436332767402376,0.5205050505050505,0.5977171717171716,True,0.7155555555555555,True,0.0,True,0.1,train_cv_auroc,"{""0.01"": 0.7713, ""0.1"": 0.772, ""1.0"": 0.7687, ""10.0"": 0.7614}"
qwen2.5-7b-instruct__C2,qwen2.5-7b-instruct,C2,reasoning,7.62,100,28,300,100,100,0.5366666666666666,0.9998659457527146,0.7503030303030302,0.7729202037351444,0.4753333333333334,0.5918181818181818,True,0.7155555555555555,True,0.0,True,0.01,train_cv_auroc,"{""0.01"": 0.7625, ""0.1"": 0.7605, ""1.0"": 0.7494, ""10.0"": 0.7395}"
qwen2.5-7b-instruct__C3,qwen2.5-7b-instruct,C3,reasoning,7.62,0,0,298,100,100,0.5,0.5,0.5,0.5,0.5,0.5,False,0.7382305194805194,False,0.0,False,0.01,train_cv_auroc,"{""0.01"": 0.5, ""0.1"": 0.5, ""1.0"": 0.5, ""10.0"": 0.5}"
qwen2.5-7b-instruct__C3,qwen2.5-7b-instruct,C3,reasoning,7.62,5,1,298,100,100,0.5,0.9868474393045359,0.7402597402597403,0.6646658663465387,0.49222808441558435,0.5891436688311689,True,0.7382305194805194,True,0.0,True,0.01,train_cv_auroc,"{""0.01"": 0.6099, ""0.1"": 0.6017, ""1.0"": 0.5948, ""10.0"": 0.5899}"
qwen2.5-7b-instruct__C3,qwen2.5-7b-instruct,C3,reasoning,7.62,10,3,298,100,100,0.5,0.9990540966623125,0.7321428571428572,0.6898759503801519,0.5076501623376625,0.6453733766233767,True,0.7382305194805194,False,0.0,True,0.01,train_cv_auroc,"{""0.01"": 0.6061, ""0.1"": 0.5996, ""1.0"": 0.5952, ""10.0"": 0.5931}"
qwen2.5-7b-instruct__C3,qwen2.5-7b-instruct,C3,reasoning,7.62,15,4,298,100,100,0.5,1.0,0.7236201298701299,0.699079631852741,0.50018262987013,0.6105316558441559,True,0.7382305194805194,False,0.0,True,0.1,train_cv_auroc,"{""0.01"": 0.6014, ""0.1"": 0.6044, ""1.0"": 0.603, ""10.0"": 0.6011}"
qwen2.5-7b-instruct__C3,qwen2.5-7b-instruct,C3,reasoning,7.62,20,6,298,100,100,0.5,0.9973424620512589,0.7479707792207793,0.6790716286514605,0.5002637987012986,0.591497564935065,True,0.7382305194805194,True,0.0,True,0.01,train_cv_auroc,"{""0.01"": 0.5959, ""0.1"": 0.589, ""1.0"": 0.5839, ""10.0"": 0.5777}"
qwen2.5-7b-instruct__C3,qwen2.5-7b-instruct,C3,reasoning,7.62,25,7,298,100,100,0.5,0.9980631503085446,0.7435064935064936,0.6970788315326132,0.5064732142857142,0.6123173701298702,True,0.7382305194805194,True,0.0,True,0.01,train_cv_auroc,"{""0.01"": 0.605, ""0.1"": 0.5881, ""1.0"": 0.5842, ""10.0"": 0.5784}"
qwen2.5-7b-instruct__C3,qwen2.5-7b-instruct,C3,reasoning,7.62,30,8,298,100,100,0.5,0.999369397774875,0.7353896103896104,0.7535014005602241,0.51737012987013,0.6256899350649351,True,0.7382305194805194,False,0.0,True,0.01,train_cv_auroc,"{""0.01"": 0.6108, ""0.1"": 0.6032, ""1.0"": 0.5957, ""10.0"": 0.5957}"
qwen2.5-7b-instruct__C3,qwen2.5-7b-instruct,C3,reasoning,7.62,35,10,298,100,100,0.5,0.9998198279356786,0.7366071428571429,0.7382953181272509,0.5006087662337662,0.5713068181818182,True,0.7382305194805194,False,0.0,True,0.01,train_cv_auroc,"{""0.01"": 0.6256, ""0.1"": 0.6162, ""1.0"": 0.6078, ""10.0"": 0.5985}"
qwen2.5-7b-instruct__C3,qwen2.5-7b-instruct,C3,reasoning,7.62,40,11,298,100,100,0.5,1.0,0.7094155844155844,0.7434973989595838,0.5002232142857144,0.6104910714285715,True,0.7382305194805194,False,0.0,True,0.1,train_cv_auroc,"{""0.01"": 0.6463, ""0.1"": 0.6473, ""1.0"": 0.6437, ""10.0"": 0.6327}"
qwen2.5-7b-instruct__C3,qwen2.5-7b-instruct,C3,reasoning,7.62,45,13,298,100,100,0.5,0.9999549569839197,0.7857142857142856,0.7174869947979192,0.4813920454545455,0.5791599025974026,True,0.7382305194805194,True,0.0,True,0.01,train_cv_auroc,"{""0.01"": 0.6473, ""0.1"": 0.6438, ""1.0"": 0.6386, ""10.0"": 0.6268}"
qwen2.5-7b-instruct__C3,qwen2.5-7b-instruct,C3,reasoning,7.62,50,14,298,100,100,0.5,0.9998198279356786,0.7885551948051948,0.7290916366546619,0.48338068181818183,0.5826907467532467,True,0.7382305194805194,True,0.0,True,0.01,train_cv_auroc,"{""0.01"": 0.6555, ""0.1"": 0.6495, ""1.0"": 0.6409, ""10.0"": 0.617}"
qwen2.5-7b-instruct__C3,qwen2.5-7b-instruct,C3,reasoning,7.62,55,15,298,100,100,0.5,0.9991892257105536,0.796672077922078,0.7378951580632254,0.49153814935064927,0.5723417207792209,True,0.7382305194805194,True,0.0,True,0.01,train_cv_auroc,"{""0.01"": 0.6559, ""0.1"": 0.6432, ""1.0"": 0.634, ""10.0"": 0.6221}"
qwen2.5-7b-instruct__C3,qwen2.5-7b-instruct,C3,reasoning,7.62,60,17,298,100,100,0.5,0.9994594838070356,0.7739448051948052,0.7454981992797118,0.5021103896103897,0.5914975649350649,True,0.7382305194805194,True,0.0,True,0.01,train_cv_auroc,"{""0.01"": 0.6859, ""0.1"": 0.6694, ""1.0"": 0.6584, ""10.0"": 0.6497}"
qwen2.5-7b-instruct__C3,qwen2.5-7b-instruct,C3,reasoning,7.62,65,18,298,100,100,0.5,0.99873879554975,0.8043831168831168,0.7767106842737095,0.5163352272727273,0.5872564935064937,True,0.7382305194805194,True,0.0,True,0.01,train_cv_auroc,"{""0.01"": 0.719, ""0.1"": 0.6996, ""1.0"": 0.6911, ""10.0"": 0.6836}"
qwen2.5-7b-instruct__C3,qwen2.5-7b-instruct,C3,reasoning,7.62,70,20,298,100,100,0.5,1.0,0.7897727272727273,0.8159263705482193,0.5047280844155845,0.5685673701298702,True,0.7382305194805194,True,0.0,True,0.01,train_cv_auroc,"{""0.01"": 0.741, ""0.1"": 0.733, ""1.0"": 0.7294, ""10.0"": 0.7223}"
qwen2.5-7b-instruct__C3,qwen2.5-7b-instruct,C3,reasoning,7.62,75,21,298,100,100,0.5,1.0,0.778814935064935,0.827531012404962,0.5165787337662338,0.6331777597402598,True,0.7382305194805194,True,0.0,True,0.01,train_cv_auroc,"{""0.01"": 0.7474, ""0.1"": 0.7403, ""1.0"": 0.7341, ""10.0"": 0.7349}"
qwen2.5-7b-instruct__C3,qwen2.5-7b-instruct,C3,reasoning,7.62,80,22,298,100,100,0.5,1.0,0.7605519480519481,0.8167266906762706,0.48228490259740264,0.5825487012987013,True,0.7382305194805194,True,0.0,True,0.01,train_cv_auroc,"{""0.01"": 0.7336, ""0.1"": 0.7252, ""1.0"": 0.7204, ""10.0"": 0.723}"
qwen2.5-7b-instruct__C3,qwen2.5-7b-instruct,C3,reasoning,7.62,85,24,298,100,100,0.5,1.0,0.757711038961039,0.8287314925970387,0.48360389610389615,0.5799512987012987,True,0.7382305194805194,True,0.0,True,0.01,train_cv_auroc,"{""0.01"": 0.7167, ""0.1"": 0.7058, ""1.0"": 0.7005, ""10.0"": 0.7011}"
qwen2.5-7b-instruct__C3,qwen2.5-7b-instruct,C3,reasoning,7.62,90,25,298,100,100,0.5,1.0,0.7601461038961038,0.8167266906762705,0.4926339285714286,0.5961444805194807,True,0.7382305194805194,True,0.0,True,0.01,train_cv_auroc,"{""0.01"": 0.7216, ""0.1"": 0.7134, ""1.0"": 0.7095, ""10.0"": 0.7113}"
qwen2.5-7b-instruct__C3,qwen2.5-7b-instruct,C3,reasoning,7.62,95,27,298,100,100,0.5,1.0,0.7455357142857143,0.8247298919567827,0.5009638798701298,0.6400162337662337,True,0.7382305194805194,True,0.0,True,10.0,train_cv_auroc,"{""0.01"": 0.7466, ""0.1"": 0.7456, ""1.0"": 0.746, ""10.0"": 0.7468}"
qwen2.5-7b-instruct__C3,qwen2.5-7b-instruct,C3,reasoning,7.62,100,28,298,100,100,0.5,1.0,0.7211850649350648,0.8163265306122449,0.48774350649350645,0.5892857142857143,True,0.7382305194805194,False,0.0,True,0.01,train_cv_auroc,"{""0.01"": 0.7461, ""0.1"": 0.7434, ""1.0"": 0.7416, ""10.0"": 0.7455}"
qwen2.5-7b-base__R1,qwen2.5-7b-base,R1,retrieval,7.62,0,0,300,100,100,0.5,0.5033333333333334,0.5,0.5,0.5,0.5,False,0.7908615136876006,False,0.0,False,0.01,train_cv_auroc,"{""0.01"": 0.5, ""0.1"": 0.5, ""1.0"": 0.5, ""10.0"": 0.5}"
qwen2.5-7b-base__R1,qwen2.5-7b-base,R1,retrieval,7.62,5,1,300,100,100,0.5,0.9929333333333333,0.786634460547504,0.7271599834642414,0.49838969404186806,0.5524355877616748,True,0.7908615136876006,False,0.0,True,0.01,train_cv_auroc,"{""0.01"": 0.746, ""0.1"": 0.7105, ""1.0"": 0.6981, ""10.0"": 0.6943}"
qwen2.5-7b-base__R1,qwen2.5-7b-base,R1,retrieval,7.62,10,3,300,100,100,0.5,0.9974666666666667,0.8051529790660225,0.7664324100868127,0.528341384863124,0.6389090177133656,True,0.7908615136876006,True,0.0,True,0.01,train_cv_auroc,"{""0.01"": 0.7923, ""0.1"": 0.7839, ""1.0"": 0.7808, ""10.0"": 0.785}"
qwen2.5-7b-base__R1,qwen2.5-7b-base,R1,retrieval,7.62,15,4,300,100,100,0.5,0.9978666666666667,0.7971014492753623,0.7614716825134353,0.4991747181964573,0.6639090177133655,True,0.7908615136876006,True,0.0,True,0.01,train_cv_auroc,"{""0.01"": 0.8003, ""0.1"": 0.7933, ""1.0"": 0.7907, ""10.0"": 0.7896}"
qwen2.5-7b-base__R1,qwen2.5-7b-base,R1,retrieval,7.62,20,6,300,100,100,0.5,0.9980444444444444,0.8075684380032206,0.7317073170731709,0.5276972624798713,0.6267713365539452,True,0.7908615136876006,True,0.0,True,0.01,train_cv_auroc,"{""0.01"": 0.8245, ""0.1"": 0.8093, ""1.0"": 0.8003, ""10.0"": 0.8008}"
qwen2.5-7b-base__R1,qwen2.5-7b-base,R1,retrieval,7.62,25,7,300,100,100,0.5,0.9959111111111112,0.8272946859903381,0.798677139313766,0.4935587761674718,0.575925925925926,True,0.7908615136876006,True,0.0,True,0.01,train_cv_auroc,"{""0.01"": 0.8204, ""0.1"": 0.8037, ""1.0"": 0.7973, ""10.0"": 0.7917}"
qwen2.5-7b-base__R1,qwen2.5-7b-base,R1,retrieval,7.62,30,8,300,100,100,0.5,0.9983555555555556,0.8502415458937198,0.815626291856139,0.5041666666666667,0.6218196457326892,True,0.7908615136876006,True,0.0,True,0.01,train_cv_auroc,"{""0.01"": 0.86, ""0.1"": 0.8552, ""1.0"": 0.8523, ""10.0"": 0.8513}"
qwen2.5-7b-base__R1,qwen2.5-7b-base,R1,retrieval,7.62,35,10,300,100,100,0.5,0.9997777777777778,0.889291465378422,0.823067383216205,0.5097222222222222,0.5788244766505636,True,0.7908615136876006,True,0.0,True,0.01,train_cv_auroc,"{""0.01"": 0.8561, ""0.1"": 0.8536, ""1.0"": 0.8512, ""10.0"": 0.8457}"
qwen2.5-7b-base__R1,qwen2.5-7b-base,R1,retrieval,7.62,40,11,300,100,100,0.5,0.9996444444444444,0.9082125603864735,0.81976023150062,0.5042874396135266,0.6365740740740742,True,0.7908615136876006,True,0.0,True,0.01,train_cv_auroc,"{""0.01"": 0.856, ""0.1"": 0.8509, ""1.0"": 0.8496, ""10.0"": 0.8419}"
qwen2.5-7b-base__R1,qwen2.5-7b-base,R1,retrieval,7.62,45,13,300,100,100,0.5,0.9997777777777778,0.9106280193236715,0.8375361719718892,0.5119967793880839,0.5657206119162642,True,0.7908615136876006,True,0.0,True,0.01,train_cv_auroc,"{""0.01"": 0.8903, ""0.1"": 0.8873, ""1.0"": 0.886, ""10.0"": 0.8825}"
qwen2.5-7b-base__R1,qwen2.5-7b-base,R1,retrieval,7.62,50,14,300,100,100,0.5,0.9997333333333333,0.9219001610305957,0.8350558081852004,0.4998389694041868,0.634742351046699,True,0.7908615136876006,True,0.0,True,0.01,train_cv_auroc,"{""0.01"": 0.8951, ""0.1"": 0.8909, ""1.0"": 0.8867, ""10.0"": 0.8837}"
qwen2.5-7b-base__R1,qwen2.5-7b-base,R1,retrieval,7.62,55,15,300,100,100,0.5,0.9997777777777778,0.9251207729468599,0.8664737494832576,0.4834339774557167,0.5602858293075685,True,0.7908615136876006,True,0.0,True,0.01,train_cv_auroc,"{""0.01"": 0.8937, ""0.1"": 0.8872, ""1.0"": 0.8831, ""10.0"": 0.88}"
qwen2.5-7b-base__R1,qwen2.5-7b-base,R1,retrieval,7.62,60,17,300,100,100,0.5,0.9999111111111111,0.9223027375201289,0.8606862339809839,0.49991948470209346,0.6316626409017714,True,0.7908615136876006,True,0.0,True,0.01,train_cv_auroc,"{""0.01"": 0.9025, ""0.1"": 0.8947, ""1.0"": 0.8919, ""10.0"": 0.8882}"
qwen2.5-7b-base__R1,qwen2.5-7b-base,R1,retrieval,7.62,65,18,300,100,100,0.5,0.9997777777777778,0.9231078904991948,0.8495245969408847,0.507890499194847,0.6114935587761675,True,0.7908615136876006,True,0.0,True,0.01,train_cv_auroc,"{""0.01"": 0.9064, ""0.1"": 0.9007, ""1.0"": 0.8979, ""10.0"": 0.8952}"
qwen2.5-7b-base__R1,qwen2.5-7b-base,R1,retrieval,7.62,70,20,300,100,100,0.5,0.9995999999999999,0.9178743961352658,0.8524183546920215,0.46664653784219007,0.5718599033816425,True,0.7908615136876006,True,0.0,True,0.01,train_cv_auroc,"{""0.01"": 0.9069, ""0.1"": 0.9012, ""1.0"": 0.8957, ""10.0"": 0.8941}"
qwen2.5-7b-base__R1,qwen2.5-7b-base,R1,retrieval,7.62,75,21,300,100,100,0.5,0.9995111111111111,0.9118357487922705,0.8503513848697809,0.49223027375201295,0.6321054750402577,True,0.7908615136876006,True,0.0,True,0.01,train_cv_auroc,"{""0.01"": 0.9025, ""0.1"": 0.8932, ""1.0"": 0.8883, ""10.0"": 0.8853}"
qwen2.5-7b-base__R1,qwen2.5-7b-base,R1,retrieval,7.62,80,22,300,100,100,0.5,0.9997777777777778,0.9142512077294687,0.8400165357585778,0.5067834138486312,0.596719001610306,True,0.7908615136876006,True,0.0,True,0.01,train_cv_auroc,"{""0.01"": 0.9132, ""0.1"": 0.9075, ""1.0"": 0.9071, ""10.0"": 0.9034}"
qwen2.5-7b-base__R1,qwen2.5-7b-base,R1,retrieval,7.62,85,24,300,100,100,0.5,0.9996888888888888,0.9138486312399355,0.8482844150475404,0.49200885668276967,0.590841384863124,True,0.7908615136876006,True,0.0,True,0.01,train_cv_auroc,"{""0.01"": 0.9109, ""0.1"": 0.9072, ""1.0"": 0.9068, ""10.0"": 0.9035}"
qwen2.5-7b-base__R1,qwen2.5-7b-base,R1,retrieval,7.62,90,25,300,100,100,0.5,0.9999111111111111,0.8909017713365539,0.8466308391897478,0.5082528180354268,0.6402375201288245,True,0.7908615136876006,True,0.0,True,0.01,train_cv_auroc,"{""0.01"": 0.9141, ""0.1"": 0.9104, ""1.0"": 0.9093, ""10.0"": 0.9103}"
qwen2.5-7b-base__R1,qwen2.5-7b-base,R1,retrieval,7.62,95,27,300,100,100,0.5,0.9998666666666667,0.8860708534621579,0.8424968995452666,0.48814412238325283,0.6041264090177134,True,0.7908615136876006,True,0.0,True,0.01,train_cv_auroc,"{""0.01"": 0.9016, ""0.1"": 0.9011, ""1.0"": 0.8995, ""10.0"": 0.8966}"
qwen2.5-7b-base__R1,qwen2.5-7b-base,R1,retrieval,7.62,100,28,300,100,100,0.5,0.9998666666666667,0.9029790660225443,0.8482844150475404,0.5138083735909823,0.6188808373590983,True,0.7908615136876006,True,0.0,True,0.01,train_cv_auroc,"{""0.01"": 0.904, ""0.1"": 0.9017, ""1.0"": 0.9019, ""10.0"": 0.9023}"
qwen2.5-7b-base__R2,qwen2.5-7b-base,R2,retrieval,7.62,0,0,300,100,100,0.5,0.5,0.5,0.5,0.5,0.5,False,0.8834343434343435,False,0.0,False,0.01,train_cv_auroc,"{""0.01"": 0.5, ""0.1"": 0.5, ""1.0"": 0.5, ""10.0"": 0.5}"
qwen2.5-7b-base__R2,qwen2.5-7b-base,R2,retrieval,7.62,5,1,300,100,100,0.5,0.9984888888888889,0.9054545454545455,0.8661858974358975,0.5014747474747474,0.6095353535353536,True,0.8834343434343435,True,0.0,True,0.01,train_cv_auroc,"{""0.01"": 0.8741, ""0.1"": 0.8661, ""1.0"": 0.8596, ""10.0"": 0.8575}"
qwen2.5-7b-base__R2,qwen2.5-7b-base,R2,retrieval,7.62,10,3,300,100,100,0.5,0.9988888888888889,0.8973737373737373,0.8858173076923077,0.49818181818181817,0.6477777777777777,True,0.8834343434343435,True,0.0,True,0.01,train_cv_auroc,"{""0.01"": 0.9013, ""0.1"": 0.8933, ""1.0"": 0.8868, ""10.0"": 0.8817}"
qwen2.5-7b-base__R2,qwen2.5-7b-base,R2,retrieval,7.62,15,4,300,100,100,0.5,0.9980444444444444,0.9022222222222223,0.8822115384615385,0.5188484848484848,0.6461212121212121,True,0.8834343434343435,True,0.0,True,0.01,train_cv_auroc,"{""0.01"": 0.8929, ""0.1"": 0.8875, ""1.0"": 0.879, ""10.0"": 0.8764}"
qwen2.5-7b-base__R2,qwen2.5-7b-base,R2,retrieval,7.62,20,6,300,100,100,0.5,0.9981333333333333,0.9139393939393939,0.8822115384615384,0.5086666666666667,0.6336969696969696,True,0.8834343434343435,True,0.0,True,0.01,train_cv_auroc,"{""0.01"": 0.8932, ""0.1"": 0.8896, ""1.0"": 0.8885, ""10.0"": 0.8844}"
qwen2.5-7b-base__R2,qwen2.5-7b-base,R2,retrieval,7.62,25,7,300,100,100,0.5,0.9964444444444445,0.9090909090909091,0.8721955128205128,0.4584242424242424,0.5672121212121213,True,0.8834343434343435,True,0.0,True,0.01,train_cv_auroc,"{""0.01"": 0.8991, ""0.1"": 0.8969, ""1.0"": 0.8941, ""10.0"": 0.8925}"
qwen2.5-7b-base__R2,qwen2.5-7b-base,R2,retrieval,7.62,30,8,300,100,100,0.5,0.9963111111111111,0.9119191919191919,0.8830128205128205,0.5106262626262625,0.6474747474747474,True,0.8834343434343435,True,0.0,True,0.01,train_cv_auroc,"{""0.01"": 0.9059, ""0.1"": 0.9049, ""1.0"": 0.9049, ""10.0"": 0.9035}"
qwen2.5-7b-base__R2,qwen2.5-7b-base,R2,retrieval,7.62,35,10,300,100,100,0.5,0.996311111111111,0.9159595959595959,0.8910256410256411,0.5105454545454545,0.6083636363636364,True,0.8834343434343435,True,0.0,True,0.01,train_cv_auroc,"{""0.01"": 0.9112, ""0.1"": 0.9073, ""1.0"": 0.9059, ""10.0"": 0.9041}"
qwen2.5-7b-base__R2,qwen2.5-7b-base,R2,retrieval,7.62,40,11,300,100,100,0.5,0.9964444444444445,0.9155555555555556,0.9018429487179488,0.46692929292929286,0.5944646464646464,True,0.8834343434343435,True,0.0,True,0.01,train_cv_auroc,"{""0.01"": 0.9112, ""0.1"": 0.9063, ""1.0"": 0.8991, ""10.0"": 0.8948}"
qwen2.5-7b-base__R2,qwen2.5-7b-base,R2,retrieval,7.62,45,13,300,100,100,0.5,0.9968444444444445,0.92,0.9010416666666667,0.4815555555555555,0.5602222222222222,True,0.8834343434343435,True,0.0,True,0.01,train_cv_auroc,"{""0.01"": 0.9199, ""0.1"": 0.9172, ""1.0"": 0.9109, ""10.0"": 0.9077}"
qwen2.5-7b-base__R2,qwen2.5-7b-base,R2,retrieval,7.62,50,14,300,100,100,0.5,0.9977333333333334,0.9240404040404039,0.9078525641025641,0.5087474747474746,0.6561414141414141,True,0.8834343434343435,True,0.0,True,0.01,train_cv_auroc,"{""0.01"": 0.9161, ""0.1"": 0.9143, ""1.0"": 0.9115, ""10.0"": 0.9104}"
qwen2.5-7b-base__R2,qwen2.5-7b-base,R2,retrieval,7.62,55,15,300,100,100,0.5,0.9968888888888889,0.9212121212121211,0.9098557692307692,0.5256161616161615,0.6303232323232323,True,0.8834343434343435,True,0.0,True,0.01,train_cv_auroc,"{""0.01"": 0.9144, ""0.1"": 0.9069, ""1.0"": 0.9001, ""10.0"": 0.8946}"
qwen2.5-7b-base__R2,qwen2.5-7b-base,R2,retrieval,7.62,60,17,300,100,100,0.5,0.9971555555555556,0.9204040404040403,0.9182692307692307,0.5212121212121211,0.6373535353535353,True,0.8834343434343435,True,0.0,True,0.01,train_cv_auroc,"{""0.01"": 0.9111, ""0.1"": 0.9075, ""1.0"": 0.9049, ""10.0"": 0.9021}"
qwen2.5-7b-base__R2,qwen2.5-7b-base,R2,retrieval,7.62,65,18,300,100,100,0.5,0.9967555555555556,0.9115151515151514,0.9214743589743589,0.5085858585858585,0.5924646464646466,True,0.8834343434343435,True,0.0,True,0.01,train_cv_auroc,"{""0.01"": 0.9099, ""0.1"": 0.9009, ""1.0"": 0.8951, ""10.0"": 0.8912}"
qwen2.5-7b-base__R2,qwen2.5-7b-base,R2,retrieval,7.62,70,20,300,100,100,0.5,0.9975555555555555,0.9115151515151514,0.9126602564102564,0.4933131313131314,0.6206262626262626,True,0.8834343434343435,True,0.0,True,0.01,train_cv_auroc,"{""0.01"": 0.9144, ""0.1"": 0.9085, ""1.0"": 0.9015, ""10.0"": 0.8944}"
qwen2.5-7b-base__R2,qwen2.5-7b-base,R2,retrieval,7.62,75,21,300,100,100,0.5,0.9969777777777777,0.9167676767676767,0.9110576923076923,0.48791919191919186,0.5987878787878788,True,0.8834343434343435,True,0.0,True,0.01,train_cv_auroc,"{""0.01"": 0.9157, ""0.1"": 0.9072, ""1.0"": 0.8985, ""10.0"": 0.8905}"
qwen2.5-7b-base__R2,qwen2.5-7b-base,R2,retrieval,7.62,80,22,300,100,100,0.5,0.9968444444444444,0.9199999999999999,0.9114583333333333,0.4790909090909091,0.686929292929293,True,0.8834343434343435,True,0.0,True,0.01,train_cv_auroc,"{""0.01"": 0.9049, ""0.1"": 0.8925, ""1.0"": 0.8807, ""10.0"": 0.8737}"
qwen2.5-7b-base__R2,qwen2.5-7b-base,R2,retrieval,7.62,85,24,300,100,100,0.5,0.999688888888889,0.9147474747474748,0.9050480769230769,0.5408282828282828,0.6477171717171717,True,0.8834343434343435,True,0.0,True,0.01,train_cv_auroc,"{""0.01"": 0.9188, ""0.1"": 0.9139, ""1.0"": 0.9083, ""10.0"": 0.9088}"
qwen2.5-7b-base__R2,qwen2.5-7b-base,R2,retrieval,7.62,90,25,300,100,100,0.5,0.9998666666666667,0.9191919191919191,0.9102564102564102,0.5005252525252526,0.5908080808080809,True,0.8834343434343435,True,0.0,True,0.01,train_cv_auroc,"{""0.01"": 0.9176, ""0.1"": 0.9136, ""1.0"": 0.9085, ""10.0"": 0.9076}"
qwen2.5-7b-base__R2,qwen2.5-7b-base,R2,retrieval,7.62,95,27,300,100,100,0.5,0.9998666666666667,0.9183838383838384,0.9058493589743588,0.4856767676767677,0.6008484848484849,True,0.8834343434343435,True,0.0,True,0.01,train_cv_auroc,"{""0.01"": 0.9185, ""0.1"": 0.9135, ""1.0"": 0.9077, ""10.0"": 0.9043}"
qwen2.5-7b-base__R2,qwen2.5-7b-base,R2,retrieval,7.62,100,28,300,100,100,0.5,0.9998666666666667,0.9357575757575758,0.9026442307692307,0.523858585858586,0.6425858585858587,True,0.8834343434343435,True,0.0,True,0.01,train_cv_auroc,"{""0.01"": 0.9116, ""0.1"": 0.9057, ""1.0"": 0.9035, ""10.0"": 0.8961}"
qwen2.5-7b-base__R3,qwen2.5-7b-base,R3,retrieval,7.62,0,0,300,100,100,0.5,0.5067777777777778,0.5146940418679549,0.5062905844155844,0.499537037037037,0.5158011272141707,False,0.7185990338164251,False,0.0,False,0.01,train_cv_auroc,"{""0.01"": 0.5, ""0.1"": 0.5, ""1.0"": 0.5, ""10.0"": 0.5}"
qwen2.5-7b-base__R3,qwen2.5-7b-base,R3,retrieval,7.62,5,1,300,100,100,0.5,1.0,0.6598228663446055,0.5923295454545455,0.5049718196457327,0.5717793880837359,True,0.7185990338164251,False,0.0,True,10.0,train_cv_auroc,"{""0.01"": 0.5493, ""0.1"": 0.5465, ""1.0"": 0.5449, ""10.0"": 0.5549}"
qwen2.5-7b-base__R3,qwen2.5-7b-base,R3,retrieval,7.62,10,3,300,100,100,0.5,0.9991111111111112,0.6396940418679549,0.6400162337662338,0.47415458937198063,0.5944847020933978,True,0.7185990338164251,False,0.0,False,0.01,train_cv_auroc,"{""0.01"": 0.5747, ""0.1"": 0.5705, ""1.0"": 0.5691, ""10.0"": 0.5536}"
qwen2.5-7b-base__R3,qwen2.5-7b-base,R3,retrieval,7.62,15,4,300,100,100,0.5,0.9989333333333333,0.6727053140096617,0.6590909090909091,0.49849033816425115,0.5824677938808374,True,0.7185990338164251,False,0.0,True,0.01,train_cv_auroc,"{""0.01"": 0.5965, ""0.1"": 0.5904, ""1.0"": 0.5887, ""10.0"": 0.5888}"
qwen2.5-7b-base__R3,qwen2.5-7b-base,R3,retrieval,7.62,20,6,300,100,100,0.5,0.9983111111111111,0.6952495974235104,0.7025162337662338,0.4919283413848631,0.5869565217391304,True,0.7185990338164251,False,0.0,True,0.01,train_cv_auroc,"{""0.01"": 0.6139, ""0.1"": 0.6065, ""1.0"": 0.6028, ""10.0"": 0.5971}"
qwen2.5-7b-base__R3,qwen2.5-7b-base,R3,retrieval,7.62,25,7,300,100,100,0.5,1.0,0.644122383252818,0.6931818181818182,0.5083735909822866,0.5919082125603865,True,0.7185990338164251,False,0.0,False,0.1,train_cv_auroc,"{""0.01"": 0.6333, ""0.1"": 0.6337, ""1.0"": 0.6275, ""10.0"": 0.6241}"
qwen2.5-7b-base__R3,qwen2.5-7b-base,R3,retrieval,7.62,30,8,300,100,100,0.5,0.9984444444444445,0.7568438003220611,0.7528409090909092,0.480012077294686,0.5981280193236715,True,0.7185990338164251,True,0.0,True,0.01,train_cv_auroc,"{""0.01"": 0.6399, ""0.1"": 0.6249, ""1.0"": 0.6148, ""10.0"": 0.6035}"
qwen2.5-7b-base__R3,qwen2.5-7b-base,R3,retrieval,7.62,35,10,300,100,100,0.5,0.9983111111111111,0.7447665056360708,0.7017045454545455,0.49384057971014483,0.6078703703703704,True,0.7185990338164251,True,0.0,True,0.01,train_cv_auroc,"{""0.01"": 0.648, ""0.1"": 0.6263, ""1.0"": 0.6093, ""10.0"": 0.6097}"
qwen2.5-7b-base__R3,qwen2.5-7b-base,R3,retrieval,7.62,40,11,300,100,100,0.5,0.9978222222222222,0.7423510466988728,0.7106331168831168,0.5075281803542672,0.6015700483091788,True,0.7185990338164251,True,0.0,True,0.01,train_cv_auroc,"{""0.01"": 0.6541, ""0.1"": 0.6304, ""1.0"": 0.6172, ""10.0"": 0.6085}"
qwen2.5-7b-base__R3,qwen2.5-7b-base,R3,retrieval,7.62,45,13,300,100,100,0.5,0.998311111111111,0.7479871175523349,0.6956168831168831,0.4884460547504026,0.5737117552334944,True,0.7185990338164251,True,0.0,True,0.01,train_cv_auroc,"{""0.01"": 0.6813, ""0.1"": 0.6623, ""1.0"": 0.6469, ""10.0"": 0.6415}"
qwen2.5-7b-base__R3,qwen2.5-7b-base,R3,retrieval,7.62,50,14,300,100,100,0.5,0.9989777777777777,0.7407407407407407,0.7175324675324676,0.5118558776167472,0.6298510466988727,True,0.7185990338164251,True,0.0,True,0.01,train_cv_auroc,"{""0.01"": 0.7147, ""0.1"": 0.6965, ""1.0"": 0.6851, ""10.0"": 0.6805}"
qwen2.5-7b-base__R3,qwen2.5-7b-base,R3,retrieval,7.62,55,15,300,100,100,0.5,0.9992888888888889,0.7471819645732689,0.7386363636363636,0.4897544283413848,0.5755032206119163,True,0.7185990338164251,True,0.0,True,0.01,train_cv_auroc,"{""0.01"": 0.7147, ""0.1"": 0.7012, ""1.0"": 0.6884, ""10.0"": 0.6888}"
qwen2.5-7b-base__R3,qwen2.5-7b-base,R3,retrieval,7.62,60,17,300,100,100,0.5,0.9994222222222222,0.7713365539452497,0.7451298701298701,0.5175523349436394,0.602073268921095,True,0.7185990338164251,True,0.0,True,0.01,train_cv_auroc,"{""0.01"": 0.7312, ""0.1"": 0.7128, ""1.0"": 0.7009, ""10.0"": 0.6987}"
qwen2.5-7b-base__R3,qwen2.5-7b-base,R3,retrieval,7.62,65,18,300,100,100,0.5,0.9995111111111111,0.78341384863124,0.734577922077922,0.49901368760064424,0.5915257648953302,True,0.7185990338164251,True,0.0,True,0.01,train_cv_auroc,"{""0.01"": 0.7408, ""0.1"": 0.7165, ""1.0"": 0.7063, ""10.0"": 0.7012}"
qwen2.5-7b-base__R3,qwen2.5-7b-base,R3,retrieval,7.62,70,20,300,100,100,0.5,0.9996,0.7862318840579711,0.7406655844155844,0.5024959742351047,0.5818236714975845,True,0.7185990338164251,True,0.0,True,0.01,train_cv_auroc,"{""0.01"": 0.7592, ""0.1"": 0.7457, ""1.0"": 0.7367, ""10.0"": 0.7309}"
qwen2.5-7b-base__R3,qwen2.5-7b-base,R3,retrieval,7.62,75,21,300,100,100,0.5,0.9993333333333334,0.7765700483091788,0.731737012987013,0.49897342995169086,0.6289251207729468,True,0.7185990338164251,True,0.0,True,0.01,train_cv_auroc,"{""0.01"": 0.7488, ""0.1"": 0.7328, ""1.0"": 0.7251, ""10.0"": 0.7183}"
qwen2.5-7b-base__R3,qwen2.5-7b-base,R3,retrieval,7.62,80,22,300,100,100,0.5,0.9993333333333334,0.7826086956521738,0.7406655844155844,0.5228059581320451,0.6180152979066023,True,0.7185990338164251,True,0.0,True,0.01,train_cv_auroc,"{""0.01"": 0.7516, ""0.1"": 0.7355, ""1.0"": 0.7253, ""10.0"": 0.717}"
qwen2.5-7b-base__R3,qwen2.5-7b-base,R3,retrieval,7.62,85,24,300,100,100,0.5,0.9992888888888889,0.784621578099839,0.7098214285714285,0.495048309178744,0.6234299516908213,True,0.7185990338164251,True,0.0,True,0.01,train_cv_auroc,"{""0.01"": 0.7364, ""0.1"": 0.7205, ""1.0"": 0.7115, ""10.0"": 0.7012}"
qwen2.5-7b-base__R3,qwen2.5-7b-base,R3,retrieval,7.62,90,25,300,100,100,0.5,0.9991111111111111,0.8039452495974235,0.7203733766233767,0.5165861513687601,0.6253019323671498,True,0.7185990338164251,True,0.0,True,0.01,train_cv_auroc,"{""0.01"": 0.7279, ""0.1"": 0.7104, ""1.0"": 0.6989, ""10.0"": 0.691}"
qwen2.5-7b-base__R3,qwen2.5-7b-base,R3,retrieval,7.62,95,27,300,100,100,0.5,0.9997777777777778,0.823268921095008,0.7402597402597403,0.5122584541062801,0.6026570048309179,True,0.7185990338164251,True,0.0,True,0.01,train_cv_auroc,"{""0.01"": 0.716, ""0.1"": 0.7117, ""1.0"": 0.7112, ""10.0"": 0.7007}"
qwen2.5-7b-base__R3,qwen2.5-7b-base,R3,retrieval,7.62,100,28,300,100,100,0.5,0.9998666666666667,0.8397745571658615,0.7406655844155843,0.5027576489533011,0.5803341384863124,True,0.7185990338164251,True,0.0,True,0.01,train_cv_auroc,"{""0.01"": 0.6967, ""0.1"": 0.6919, ""1.0"": 0.6899, ""10.0"": 0.6785}"
qwen2.5-7b-base__C1,qwen2.5-7b-base,C1,reasoning,7.62,0,0,300,100,100,0.5,0.5201333333333333,0.5392156862745098,0.5234598123215014,0.5,0.5392156862745098,False,0.4953981592637055,True,0.0,False,0.01,train_cv_auroc,"{""0.01"": 0.52, ""0.1"": 0.52, ""1.0"": 0.52, ""10.0"": 0.52}"
qwen2.5-7b-base__C1,qwen2.5-7b-base,C1,reasoning,7.62,5,1,300,100,100,0.5,1.0,0.6122448979591836,0.49734802121583027,0.5302921168467386,0.5795118047218888,True,0.4953981592637055,True,0.0,False,10.0,train_cv_auroc,"{""0.01"": 0.5545, ""0.1"": 0.5643, ""1.0"": 0.5649, ""10.0"": 0.57}"
qwen2.5-7b-base__C1,qwen2.5-7b-base,C1,reasoning,7.62,10,3,300,100,100,0.5,1.0,0.6142456982793117,0.5960832313341493,0.5086634653861545,0.5943977591036416,True,0.4953981592637055,True,0.0,False,1.0,train_cv_auroc,"{""0.01"": 0.6007, ""0.1"": 0.6032, ""1.0"": 0.6055, ""10.0"": 0.5939}"
qwen2.5-7b-base__C1,qwen2.5-7b-base,C1,reasoning,7.62,15,4,300,100,100,0.5,0.9999111111111111,0.6102440976390556,0.6760505915952671,0.5120648259303721,0.6222288915566228,False,0.4953981592637055,True,0.0,False,0.01,train_cv_auroc,"{""0.01"": 0.6141, ""0.1"": 0.6101, ""1.0"": 0.6069, ""10.0"": 0.6001}"
qwen2.5-7b-base__C1,qwen2.5-7b-base,C1,reasoning,7.62,20,6,300,100,100,0.5,1.0,0.6342537014805922,0.6038351693186454,0.4893957583033213,0.593887555022009,True,0.4953981592637055,True,0.0,False,10.0,train_cv_auroc,"{""0.01"": 0.5797, ""0.1"": 0.5752, ""1.0"": 0.5752, ""10.0"": 0.5813}"
qwen2.5-7b-base__C1,qwen2.5-7b-base,C1,reasoning,7.62,25,7,300,100,100,0.5,0.9998666666666667,0.6286514605842337,0.5891472868217054,0.5010404161664667,0.5769707883153262,True,0.4953981592637055,True,0.0,False,0.01,train_cv_auroc,"{""0.01"": 0.6553, ""0.1"": 0.6495, ""1.0"": 0.6429, ""10.0"": 0.6445}"
qwen2.5-7b-base__C1,qwen2.5-7b-base,C1,reasoning,7.62,30,8,300,100,100,0.5,1.0,0.7078831532613047,0.5377396980824153,0.5148059223689476,0.6201480592236894,True,0.4953981592637055,True,0.0,True,0.01,train_cv_auroc,"{""0.01"": 0.6499, ""0.1"": 0.6404, ""1.0"": 0.6399, ""10.0"": 0.6426}"
qwen2.5-7b-base__C1,qwen2.5-7b-base,C1,reasoning,7.62,35,10,300,100,100,0.5,1.0,0.7170868347338936,0.5952672378620971,0.5048019207683072,0.6287114845938375,True,0.4953981592637055,True,0.0,True,0.01,train_cv_auroc,"{""0.01"": 0.6369, ""0.1"": 0.6301, ""1.0"": 0.6269, ""10.0"": 0.6281}"
qwen2.5-7b-base__C1,qwen2.5-7b-base,C1,reasoning,7.62,40,11,300,100,100,0.5,1.0,0.7426970788315326,0.6181150550795593,0.5064425770308124,0.6081432573029213,True,0.4953981592637055,True,0.0,True,0.01,train_cv_auroc,"{""0.01"": 0.6432, ""0.1"": 0.6385, ""1.0"": 0.634, ""10.0"": 0.6319}"
qwen2.5-7b-base__C1,qwen2.5-7b-base,C1,reasoning,7.62,45,13,300,100,100,0.5,1.0,0.7362945178071229,0.6515707874337004,0.5113245298119248,0.5895558223289316,True,0.4953981592637055,True,0.0,True,0.01,train_cv_auroc,"{""0.01"": 0.6675, ""0.1"": 0.6615, ""1.0"": 0.6575, ""10.0"": 0.66}"
qwen2.5-7b-base__C1,qwen2.5-7b-base,C1,reasoning,7.62,50,14,300,100,100,0.5,1.0,0.7354941976790716,0.6197470420236638,0.49893957583033216,0.5485194077631053,True,0.4953981592637055,True,0.0,True,0.01,train_cv_auroc,"{""0.01"": 0.6877, ""0.1"": 0.6837, ""1.0"": 0.6788, ""10.0"": 0.682}"
qwen2.5-7b-base__C1,qwen2.5-7b-base,C1,reasoning,7.62,55,15,300,100,100,0.5,1.0,0.745498199279712,0.6136270909832722,0.47733093237294916,0.5652260904361746,True,0.4953981592637055,True,0.0,True,0.01,train_cv_auroc,"{""0.01"": 0.6812, ""0.1"": 0.6775, ""1.0"": 0.6764, ""10.0"": 0.6756}"
qwen2.5-7b-base__C1,qwen2.5-7b-base,C1,reasoning,7.62,60,17,300,100,100,0.5,1.0,0.711484593837535,0.6075071399428804,0.5098639455782313,0.6119647859143659,True,0.4953981592637055,True,0.0,True,0.01,train_cv_auroc,"{""0.01"": 0.6764, ""0.1"": 0.6687, ""1.0"": 0.666, ""10.0"": 0.6672}"
qwen2.5-7b-base__C1,qwen2.5-7b-base,C1,reasoning,7.62,65,18,300,100,100,0.5,1.0,0.7234893957583033,0.6128110975112198,0.49839935974389765,0.6056022408963585,True,0.4953981592637055,True,0.0,True,10.0,train_cv_auroc,"{""0.01"": 0.6699, ""0.1"": 0.6633, ""1.0"": 0.659, ""10.0"": 0.6726}"
qwen2.5-7b-base__C1,qwen2.5-7b-base,C1,reasoning,7.62,70,20,300,100,100,0.5,1.0,0.7134853941576631,0.6980824153406774,0.5053621448579431,0.5858943577430973,True,0.4953981592637055,True,0.0,True,0.01,train_cv_auroc,"{""0.01"": 0.7133, ""0.1"": 0.7027, ""1.0"": 0.6948, ""10.0"": 0.7045}"
qwen2.5-7b-base__C1,qwen2.5-7b-base,C1,reasoning,7.62,75,21,300,100,100,0.5,1.0,0.7178871548619448,0.7070583435332517,0.4863145258103242,0.5777911164465787,True,0.4953981592637055,True,0.0,True,0.01,train_cv_auroc,"{""0.01"": 0.7135, ""0.1"": 0.7017, ""1.0"": 0.698, ""10.0"": 0.7061}"
qwen2.5-7b-base__C1,qwen2.5-7b-base,C1,reasoning,7.62,80,22,300,100,100,0.5,1.0,0.7450980392156863,0.6862505099959201,0.5073229291716688,0.589155662264906,True,0.4953981592637055,True,0.0,True,0.01,train_cv_auroc,"{""0.01"": 0.7005, ""0.1"": 0.6907, ""1.0"": 0.6848, ""10.0"": 0.6905}"
qwen2.5-7b-base__C1,qwen2.5-7b-base,C1,reasoning,7.62,85,24,300,100,100,0.5,1.0,0.7202881152460984,0.6723786209710322,0.5048019207683073,0.5685074029611845,True,0.4953981592637055,True,0.0,True,0.01,train_cv_auroc,"{""0.01"": 0.6931, ""0.1"": 0.6783, ""1.0"": 0.6728, ""10.0"": 0.6803}"
qwen2.5-7b-base__C1,qwen2.5-7b-base,C1,reasoning,7.62,90,25,300,100,100,0.5,1.0,0.6986794717887155,0.6617707058343534,0.4924769907963185,0.5992196878751501,True,0.4953981592637055,True,0.0,True,0.01,train_cv_auroc,"{""0.01"": 0.7, ""0.1"": 0.6865, ""1.0"": 0.6777, ""10.0"": 0.6858}"
qwen2.5-7b-base__C1,qwen2.5-7b-base,C1,reasoning,7.62,95,27,300,100,100,0.5,1.0,0.6758703481392557,0.6340269277845776,0.5122649059623849,0.5722488995598238,True,0.4953981592637055,True,0.0,True,0.01,train_cv_auroc,"{""0.01"": 0.6839, ""0.1"": 0.6713, ""1.0"": 0.6635, ""10.0"": 0.676}"
qwen2.5-7b-base__C1,qwen2.5-7b-base,C1,reasoning,7.62,100,28,300,100,100,0.5,1.0,0.6394557823129252,0.6438188494492044,0.5200880352140855,0.6434773909563826,False,0.4953981592637055,True,0.0,False,0.01,train_cv_auroc,"{""0.01"": 0.6723, ""0.1"": 0.6581, ""1.0"": 0.6556, ""10.0"": 0.6631}"
qwen2.5-7b-base__C2,qwen2.5-7b-base,C2,reasoning,7.62,0,0,300,100,100,0.5,0.6615111111111112,0.5723232323232322,0.549512987012987,0.48593939393939395,0.603010101010101,False,0.6953535353535354,False,0.0,False,0.01,train_cv_auroc,"{""0.01"": 0.6155, ""0.1"": 0.6148, ""1.0"": 0.6152, ""10.0"": 0.6133}"
qwen2.5-7b-base__C2,qwen2.5-7b-base,C2,reasoning,7.62,5,1,300,100,100,0.5,0.9637333333333333,0.6816161616161617,0.672077922077922,0.5190707070707071,0.6549090909090909,True,0.6953535353535354,False,0.0,True,0.01,train_cv_auroc,"{""0.01"": 0.7019, ""0.1"": 0.6851, ""1.0"": 0.6757, ""10.0"": 0.6662}"
qwen2.5-7b-base__C2,qwen2.5-7b-base,C2,reasoning,7.62,10,3,300,100,100,0.5,0.9887111111111111,0.7309090909090908,0.7065746753246753,0.5012525252525253,0.6545252525252525,True,0.6953535353535354,True,0.0,True,0.01,train_cv_auroc,"{""0.01"": 0.6697, ""0.1"": 0.6511, ""1.0"": 0.6416, ""10.0"": 0.6412}"
qwen2.5-7b-base__C2,qwen2.5-7b-base,C2,reasoning,7.62,15,4,300,100,100,0.5,0.9958222222222222,0.7442424242424241,0.7203733766233765,0.47997979797979795,0.5611111111111111,True,0.6953535353535354,True,0.0,True,0.01,train_cv_auroc,"{""0.01"": 0.6695, ""0.1"": 0.6645, ""1.0"": 0.6619, ""10.0"": 0.6575}"
qwen2.5-7b-base__C2,qwen2.5-7b-base,C2,reasoning,7.62,20,6,300,100,100,0.5,0.9990666666666667,0.7793939393939394,0.708198051948052,0.5277575757575759,0.640888888888889,True,0.6953535353535354,True,0.0,True,0.01,train_cv_auroc,"{""0.01"": 0.6693, ""0.1"": 0.666, ""1.0"": 0.664, ""10.0"": 0.6505}"
qwen2.5-7b-base__C2,qwen2.5-7b-base,C2,reasoning,7.62,25,7,300,100,100,0.5,0.9994222222222222,0.7846464646464646,0.721185064935065,0.5257575757575758,0.6354949494949494,True,0.6953535353535354,True,0.0,True,0.01,train_cv_auroc,"{""0.01"": 0.6915, ""0.1"": 0.6785, ""1.0"": 0.6709, ""10.0"": 0.6696}"
qwen2.5-7b-base__C2,qwen2.5-7b-base,C2,reasoning,7.62,30,8,300,100,100,0.5,1.0,0.8048484848484848,0.7617694805194806,0.4796565656565657,0.5705454545454546,True,0.6953535353535354,True,0.0,True,0.01,train_cv_auroc,"{""0.01"": 0.7313, ""0.1"": 0.7243, ""1.0"": 0.7204, ""10.0"": 0.7207}"
qwen2.5-7b-base__C2,qwen2.5-7b-base,C2,reasoning,7.62,35,10,300,100,100,0.5,0.9999555555555555,0.7810101010101009,0.7536525974025974,0.4841616161616161,0.5846262626262626,True,0.6953535353535354,True,0.0,True,0.01,train_cv_auroc,"{""0.01"": 0.7656, ""0.1"": 0.7528, ""1.0"": 0.7484, ""10.0"": 0.7485}"
qwen2.5-7b-base__C2,qwen2.5-7b-base,C2,reasoning,7.62,40,11,300,100,100,0.5,1.0,0.7684848484848484,0.7199675324675325,0.4883838383838383,0.5786060606060606,True,0.6953535353535354,True,0.0,True,0.01,train_cv_auroc,"{""0.01"": 0.7663, ""0.1"": 0.7529, ""1.0"": 0.7463, ""10.0"": 0.7439}"
qwen2.5-7b-base__C2,qwen2.5-7b-base,C2,reasoning,7.62,45,13,300,100,100,0.5,0.9999555555555555,0.8177777777777777,0.7390422077922079,0.5385454545454545,0.6560404040404041,True,0.6953535353535354,True,0.0,True,0.01,train_cv_auroc,"{""0.01"": 0.7673, ""0.1"": 0.7607, ""1.0"": 0.75, ""10.0"": 0.755}"
qwen2.5-7b-base__C2,qwen2.5-7b-base,C2,reasoning,7.62,50,14,300,100,100,0.5,1.0,0.8274747474747475,0.7520292207792207,0.5071111111111112,0.593111111111111,True,0.6953535353535354,True,0.0,True,0.01,train_cv_auroc,"{""0.01"": 0.79, ""0.1"": 0.7839, ""1.0"": 0.7831, ""10.0"": 0.7761}"
qwen2.5-7b-base__C2,qwen2.5-7b-base,C2,reasoning,7.62,55,15,300,100,100,0.5,1.0,0.8319191919191918,0.7824675324675324,0.5306262626262626,0.6202828282828282,True,0.6953535353535354,True,0.0,True,0.01,train_cv_auroc,"{""0.01"": 0.8007, ""0.1"": 0.7969, ""1.0"": 0.7929, ""10.0"": 0.7861}"
qwen2.5-7b-base__C2,qwen2.5-7b-base,C2,reasoning,7.62,60,17,300,100,100,0.5,0.9999555555555555,0.8161616161616161,0.8275162337662337,0.4693131313131314,0.5875353535353536,True,0.6953535353535354,True,0.0,True,0.01,train_cv_auroc,"{""0.01"": 0.8203, ""0.1"": 0.8167, ""1.0"": 0.8145, ""10.0"": 0.8127}"
qwen2.5-7b-base__C2,qwen2.5-7b-base,C2,reasoning,7.62,65,18,300,100,100,0.5,1.0,0.8105050505050505,0.8287337662337662,0.5161010101010102,0.6287474747474748,True,0.6953535353535354,True,0.0,True,0.01,train_cv_auroc,"{""0.01"": 0.8255, ""0.1"": 0.8207, ""1.0"": 0.8164, ""10.0"": 0.8173}"
qwen2.5-7b-base__C2,qwen2.5-7b-base,C2,reasoning,7.62,70,20,300,100,100,0.5,1.0,0.814949494949495,0.825487012987013,0.5037373737373738,0.6068686868686868,True,0.6953535353535354,True,0.0,True,0.01,train_cv_auroc,"{""0.01"": 0.7913, ""0.1"": 0.7853, ""1.0"": 0.7812, ""10.0"": 0.7797}"
qwen2.5-7b-base__C2,qwen2.5-7b-base,C2,reasoning,7.62,75,21,300,100,100,0.5,1.0,0.804040404040404,0.8173701298701299,0.5324040404040404,0.6548484848484849,True,0.6953535353535354,True,0.0,True,0.01,train_cv_auroc,"{""0.01"": 0.7907, ""0.1"": 0.7824, ""1.0"": 0.7767, ""10.0"": 0.7725}"
qwen2.5-7b-base__C2,qwen2.5-7b-base,C2,reasoning,7.62,80,22,300,100,100,0.5,1.0,0.8230303030303031,0.8336038961038961,0.48260606060606054,0.5842626262626263,True,0.6953535353535354,True,0.0,True,0.01,train_cv_auroc,"{""0.01"": 0.774, ""0.1"": 0.7688, ""1.0"": 0.7655, ""10.0"": 0.758}"
qwen2.5-7b-base__C2,qwen2.5-7b-base,C2,reasoning,7.62,85,24,300,100,100,0.5,0.9998222222222223,0.8226262626262627,0.8218344155844156,0.4857575757575757,0.5562020202020203,True,0.6953535353535354,True,0.0,True,0.01,train_cv_auroc,"{""0.01"": 0.7833, ""0.1"": 0.7765, ""1.0"": 0.7696, ""10.0"": 0.7596}"
qwen2.5-7b-base__C2,qwen2.5-7b-base,C2,reasoning,7.62,90,25,300,100,100,0.5,0.9997333333333334,0.8290909090909091,0.8372564935064936,0.4794343434343434,0.5548888888888889,True,0.6953535353535354,True,0.0,True,0.01,train_cv_auroc,"{""0.01"": 0.7728, ""0.1"": 0.7624, ""1.0"": 0.7564, ""10.0"": 0.7465}"
qwen2.5-7b-base__C2,qwen2.5-7b-base,C2,reasoning,7.62,95,27,300,100,100,0.5,0.999688888888889,0.8177777777777778,0.8181818181818182,0.5147272727272727,0.6157979797979798,True,0.6953535353535354,True,0.0,True,0.01,train_cv_auroc,"{""0.01"": 0.7617, ""0.1"": 0.7524, ""1.0"": 0.7445, ""10.0"": 0.7339}"
qwen2.5-7b-base__C2,qwen2.5-7b-base,C2,reasoning,7.62,100,28,300,100,100,0.5,0.9995999999999999,0.8036363636363636,0.8056006493506493,0.49737373737373736,0.5962626262626264,True,0.6953535353535354,True,0.0,True,0.01,train_cv_auroc,"{""0.01"": 0.7707, ""0.1"": 0.7607, ""1.0"": 0.7485, ""10.0"": 0.7379}"
qwen2.5-7b-base__C3,qwen2.5-7b-base,C3,reasoning,7.62,0,0,297,99,100,0.5016835016835017,0.658307636495556,0.6340816326530612,0.6440304487179487,0.47854081632653067,0.6105306122448979,True,0.6314285714285713,True,0.0,False,0.01,train_cv_auroc,"{""0.01"": 0.6438, ""0.1"": 0.6434, ""1.0"": 0.6426, ""10.0"": 0.6435}"
qwen2.5-7b-base__C3,qwen2.5-7b-base,C3,reasoning,7.62,5,1,297,99,100,0.5016835016835017,0.9693905314710685,0.7089795918367346,0.657051282051282,0.5082857142857143,0.5929387755102041,True,0.6314285714285713,True,0.0,True,0.01,train_cv_auroc,"{""0.01"": 0.6509, ""0.1"": 0.6071, ""1.0"": 0.5903, ""10.0"": 0.5806}"
qwen2.5-7b-base__C3,qwen2.5-7b-base,C3,reasoning,7.62,10,3,297,99,100,0.5016835016835017,0.9959187375294758,0.6799999999999998,0.6638621794871795,0.4944081632653061,0.5855102040816328,True,0.6314285714285713,True,0.0,True,0.01,train_cv_auroc,"{""0.01"": 0.6104, ""0.1"": 0.589, ""1.0"": 0.579, ""10.0"": 0.5756}"
qwen2.5-7b-base__C3,qwen2.5-7b-base,C3,reasoning,7.62,15,4,297,99,100,0.5016835016835017,0.9980954108470887,0.723265306122449,0.6422275641025641,0.5128163265306123,0.6284693877551021,True,0.6314285714285713,True,0.0,True,0.01,train_cv_auroc,"{""0.01"": 0.5974, ""0.1"": 0.579, ""1.0"": 0.5681, ""10.0"": 0.5623}"
qwen2.5-7b-base__C3,qwen2.5-7b-base,C3,reasoning,7.62,20,6,297,99,100,0.5016835016835017,0.9992290948666788,0.7016326530612245,0.6630608974358975,0.5084693877551019,0.6202857142857143,True,0.6314285714285713,True,0.0,True,0.01,train_cv_auroc,"{""0.01"": 0.5969, ""0.1"": 0.59, ""1.0"": 0.5839, ""10.0"": 0.5849}"
qwen2.5-7b-base__C3,qwen2.5-7b-base,C3,reasoning,7.62,25,7,297,99,100,0.5016835016835017,0.9996372211137312,0.6995918367346938,0.6209935897435898,0.5011836734693877,0.598204081632653,True,0.6314285714285713,True,0.0,True,0.01,train_cv_auroc,"{""0.01"": 0.5946, ""0.1"": 0.587, ""1.0"": 0.5831, ""10.0"": 0.5884}"
qwen2.5-7b-base__C3,qwen2.5-7b-base,C3,reasoning,7.62,30,8,297,99,100,0.5016835016835017,1.0,0.7077551020408163,0.7079326923076923,0.4954081632653062,0.565469387755102,True,0.6314285714285713,True,0.0,True,0.01,train_cv_auroc,"{""0.01"": 0.6299, ""0.1"": 0.6237, ""1.0"": 0.6209, ""10.0"": 0.6245}"
qwen2.5-7b-base__C3,qwen2.5-7b-base,C3,reasoning,7.62,35,10,297,99,100,0.5016835016835017,0.9999546526392163,0.6971428571428572,0.7824519230769231,0.4880408163265306,0.5693877551020408,True,0.6314285714285713,True,0.0,True,0.01,train_cv_auroc,"{""0.01"": 0.6538, ""0.1"": 0.6362, ""1.0"": 0.6333, ""10.0"": 0.6401}"
qwen2.5-7b-base__C3,qwen2.5-7b-base,C3,reasoning,7.62,40,11,297,99,100,0.5016835016835017,0.9999093052784328,0.7004081632653062,0.8068910256410257,0.5075102040816326,0.6289183673469387,True,0.6314285714285713,True,0.0,True,0.01,train_cv_auroc,"{""0.01"": 0.6931, ""0.1"": 0.6777, ""1.0"": 0.674, ""10.0"": 0.6735}"
qwen2.5-7b-base__C3,qwen2.5-7b-base,C3,reasoning,7.62,45,13,297,99,100,0.5016835016835017,0.9999093052784328,0.7110204081632653,0.7956730769230769,0.503734693877551,0.5996530612244899,True,0.6314285714285713,True,0.0,True,0.01,train_cv_auroc,"{""0.01"": 0.675, ""0.1"": 0.6537, ""1.0"": 0.6444, ""10.0"": 0.6475}"
qwen2.5-7b-base__C3,qwen2.5-7b-base,C3,reasoning,7.62,50,14,297,99,100,0.5016835016835017,0.9998186105568655,0.7057142857142857,0.8060897435897436,0.5042448979591836,0.5896122448979592,True,0.6314285714285713,True,0.0,True,0.01,train_cv_auroc,"{""0.01"": 0.6752, ""0.1"": 0.6595, ""1.0"": 0.6529, ""10.0"": 0.6483}"
qwen2.5-7b-base__C3,qwen2.5-7b-base,C3,reasoning,7.62,55,15,297,99,100,0.5016835016835017,0.9997279158352983,0.7273469387755103,0.7828525641025641,0.474408163265306,0.5656530612244898,True,0.6314285714285713,True,0.0,True,0.01,train_cv_auroc,"{""0.01"": 0.7027, ""0.1"": 0.6884, ""1.0"": 0.681, ""10.0"": 0.6745}"
qwen2.5-7b-base__C3,qwen2.5-7b-base,C3,reasoning,7.62,60,17,297,99,100,0.5016835016835017,0.9996372211137312,0.7493877551020408,0.7728365384615384,0.4914897959183674,0.585530612244898,True,0.6314285714285713,True,0.0,True,0.01,train_cv_auroc,"{""0.01"": 0.704, ""0.1"": 0.6876, ""1.0"": 0.6785, ""10.0"": 0.6701}"
qwen2.5-7b-base__C3,qwen2.5-7b-base,C3,reasoning,7.62,65,18,297,99,100,0.5016835016835017,0.9997279158352984,0.760408163265306,0.7776442307692308,0.5163265306122449,0.6276122448979592,True,0.6314285714285713,True,0.0,True,0.01,train_cv_auroc,"{""0.01"": 0.6934, ""0.1"": 0.6782, ""1.0"": 0.6661, ""10.0"": 0.6649}"
qwen2.5-7b-base__C3,qwen2.5-7b-base,C3,reasoning,7.62,70,20,297,99,100,0.5016835016835017,0.999773263196082,0.7191836734693877,0.8068910256410257,0.5160408163265305,0.5808571428571428,True,0.6314285714285713,True,0.0,True,0.01,train_cv_auroc,"{""0.01"": 0.726, ""0.1"": 0.7169, ""1.0"": 0.7088, ""10.0"": 0.7149}"
qwen2.5-7b-base__C3,qwen2.5-7b-base,C3,reasoning,7.62,75,21,297,99,100,0.5016835016835017,0.9998186105568655,0.7277551020408163,0.7932692307692308,0.5002040816326532,0.585795918367347,True,0.6314285714285713,True,0.0,True,0.01,train_cv_auroc,"{""0.01"": 0.7387, ""0.1"": 0.7314, ""1.0"": 0.723, ""10.0"": 0.7225}"
qwen2.5-7b-base__C3,qwen2.5-7b-base,C3,reasoning,7.62,80,22,297,99,100,0.5016835016835017,0.9999546526392163,0.6820408163265306,0.7796474358974359,0.488,0.5943265306122449,True,0.6314285714285713,True,0.0,True,0.01,train_cv_auroc,"{""0.01"": 0.7347, ""0.1"": 0.7195, ""1.0"": 0.7128, ""10.0"": 0.7151}"
qwen2.5-7b-base__C3,qwen2.5-7b-base,C3,reasoning,7.62,85,24,297,99,100,0.5016835016835017,0.9998639579176493,0.686938775510204,0.7592147435897436,0.4995510204081633,0.5971428571428572,True,0.6314285714285713,True,0.0,True,0.01,train_cv_auroc,"{""0.01"": 0.7172, ""0.1"": 0.7063, ""1.0"": 0.6979, ""10.0"": 0.699}"
qwen2.5-7b-base__C3,qwen2.5-7b-base,C3,reasoning,7.62,90,25,297,99,100,0.5016835016835017,0.9997279158352984,0.6730612244897959,0.7564102564102565,0.4977142857142858,0.5836530612244898,True,0.6314285714285713,True,0.0,True,0.01,train_cv_auroc,"{""0.01"": 0.7188, ""0.1"": 0.7082, ""1.0"": 0.7023, ""10.0"": 0.7051}"
qwen2.5-7b-base__C3,qwen2.5-7b-base,C3,reasoning,7.62,95,27,297,99,100,0.5016835016835017,0.9999093052784328,0.650204081632653,0.7103365384615383,0.4742857142857143,0.5504081632653062,True,0.6314285714285713,True,0.0,True,0.01,train_cv_auroc,"{""0.01"": 0.705, ""0.1"": 0.6964, ""1.0"": 0.6889, ""10.0"": 0.699}"
qwen2.5-7b-base__C3,qwen2.5-7b-base,C3,reasoning,7.62,100,28,297,99,100,0.5016835016835017,0.9998186105568656,0.6653061224489795,0.7283653846153846,0.501061224489796,0.5651428571428571,True,0.6314285714285713,True,0.0,True,0.01,train_cv_auroc,"{""0.01"": 0.7131, ""0.1"": 0.705, ""1.0"": 0.6987, ""10.0"": 0.7001}"
